time_s,LoPE,LaPE,VPE,LoPL_adjusted,LaPL_adjusted,VPL_adjusted
0.00000000,0.01458063,0.01364461,0.04400000,0.82547450,0.22814546,0.82304695
0.09999990,0.00292498,0.00242786,0.02600000,0.75698525,0.22158530,0.80976792
0.19999981,0.00046623,0.01119922,0.03110000,0.73277449,0.23276723,0.80363755
0.29999995,0.00661079,0.00543851,0.03000000,0.75068956,0.22747047,0.79278767
0.39999986,0.01503291,0.00366764,0.03000000,0.79150598,0.22369053,0.78791883
0.50000000,0.01507637,0.00077019,0.04100000,0.78614904,0.22391443,0.81859941
0.59999990,0.01165615,0.00629160,0.04200000,0.76235270,0.23619511,0.82572321
0.69999981,0.00911677,0.00421124,0.04200000,0.78423172,0.23120350,0.82967596
0.79999995,0.00769015,0.00207403,0.05400000,0.73773232,0.22908102,0.86311457
0.89999986,0.00784667,0.01385207,0.04900000,0.72241730,0.23915114,0.87442735
1.00000000,0.00627566,0.02050039,0.06410000,0.74748030,0.24944680,0.90204762
1.09999990,0.00401522,0.02125201,0.07800000,0.75315878,0.24971079,0.91440421
1.20099998,0.00049564,0.03497720,0.06000000,0.73905398,0.27913386,0.90523533
1.30099988,0.00219788,0.02242096,0.04600000,0.73534504,0.25047239,0.88133207
1.40099978,0.00365684,0.02072649,0.04700000,0.72689042,0.24590173,0.87561529
1.50099993,0.00286002,0.04037723,0.04390000,0.73821514,0.28048631,0.87165467
1.60099983,0.00175189,0.02141544,0.04400000,0.73342146,0.24384306,0.87378512
1.70099998,0.00370404,0.04238538,0.04890000,0.72781594,0.28076227,0.87553009
1.80099988,0.00217306,0.01616564,0.04300000,0.71794512,0.24840554,0.83955214
1.90099978,0.00971746,0.02124573,0.04400000,0.71695580,0.25609740,0.81872149
2.00099993,0.00842075,0.03949571,0.04700000,0.69561698,0.27460041,0.82001797
2.10099983,0.00835822,0.02789176,0.04000000,0.70097164,0.24970617,0.79182689
2.20099998,0.00050044,0.04207707,0.02990000,0.71034876,0.27379072,0.72350749
2.30099988,0.00865935,0.02387354,0.03300000,0.72957873,0.24097268,0.71329590
2.40199995,0.00465669,0.04838363,0.03890000,0.75981527,0.27580695,0.78609276
2.50199986,0.00708379,0.04587799,0.02290000,0.78104769,0.27757857,0.73672655
2.60200000,0.00727871,0.04109404,0.02800000,0.74380011,0.27401367,0.74746197
2.70199990,0.00408296,0.02882325,0.04000000,0.71159673,0.24658759,0.82511731
2.80199981,0.00400892,0.02974775,0.04290000,0.68311032,0.23958275,0.82690270
2.90199995,0.00152761,0.02772303,0.05200000,0.67178583,0.23131738,0.82598361
3.00199986,0.01032336,0.05075035,0.03500000,0.69561394,0.27035014,0.75565136
3.10200000,0.01101753,0.05243953,0.03200000,0.68903090,0.26764289,0.75587381
3.20199990,0.00862764,0.04652229,0.02290000,0.69166862,0.25805967,0.74350560
3.30199981,0.00659155,0.03498273,0.01390000,0.69925024,0.23566853,0.75911683
3.40199995,0.00305407,0.03558051,0.00700000,0.69348370,0.24166655,0.76581977
3.50199986,0.00766983,0.04265107,0.00790000,0.71051951,0.26369441,0.81111063
3.60200000,0.01179641,0.04548741,0.01300000,0.76280179,0.26417260,0.76972434
3.70299983,0.01091224,0.04307636,0.01200000,0.77346768,0.25871827,0.78395098
3.80299997,0.01003949,0.04138331,0.01390000,0.73743956,0.26384432,0.75559188
3.90299988,0.00990575,0.04106441,0.01800000,0.71675628,0.26744745,0.79486417
4.00299978,0.01337620,0.04225976,0.02000000,0.70875116,0.27249675,0.78010331
4.10299993,0.01650056,0.04169378,0.02400000,0.67127303,0.26802019,0.74774886
4.20299983,0.01859560,0.04599699,0.02390000,0.66837774,0.26844068,0.75211626
4.30299997,0.01770269,0.04663759,0.02490000,0.66407063,0.26375696,0.75108330
4.40299988,0.01695126,0.04971071,0.03200000,0.70135017,0.27141860,0.79569288
4.50299978,0.01037012,0.03480891,0.01390000,0.69005291,0.24220619,0.75128948
4.60299993,0.01269763,0.02973450,0.00800000,0.67991305,0.23921118,0.74168996
4.70299983,0.01521175,0.02739603,0.00900000,0.70855742,0.24209363,0.74033520
4.80299997,0.01294358,0.03211220,0.01500000,0.73814588,0.25195460,0.75783723
4.90399981,0.00367492,0.03860550,0.01900000,0.66022314,0.26433935,0.78145120
5.00399995,0.00529288,0.03873481,0.01400000,0.68455340,0.26507606,0.78023121
5.10399985,0.00452967,0.04458702,0.01100000,0.67585715,0.28016188,0.77733672
5.20400000,0.00003484,0.04279543,0.00990000,0.69764178,0.27612397,0.78169221
5.30399990,0.00594483,0.03322347,0.00600000,0.69411127,0.25120568,0.77839969
5.40399981,0.00074562,0.02388920,0.00290000,0.66347803,0.24056118,0.80119415
5.50399995,0.00269007,0.01795922,0.00900000,0.64519033,0.23838000,0.77061626
5.60399985,0.00139273,0.02328219,0.01990000,0.62285983,0.24519945,0.78481947
5.70400000,0.00126118,0.02782821,0.02100000,0.63138893,0.25369200,0.83056282
5.80399990,0.00091861,0.03652952,0.01500000,0.65278469,0.27365604,0.74672408
5.90399981,0.00200579,0.02249571,0.01500000,0.65741101,0.25401384,0.75628650
6.00399995,0.00246533,0.02175160,0.02000000,0.65860374,0.26101899,0.82072491
6.10399985,0.00016327,0.02308622,0.02390000,0.67541076,0.25710197,0.82384220
6.20499992,0.00664701,0.02545618,0.02090000,0.68370261,0.25858383,0.82287208
6.30499983,0.00939979,0.02424652,0.02690000,0.69985047,0.25808108,0.83972997
6.40499997,0.00944477,0.02399367,0.02890000,0.64925448,0.25148969,0.82428878
6.50499988,0.00675221,0.02273385,0.02000000,0.64425036,0.25335974,0.80550954
6.60499978,0.00499828,0.02500034,0.02300000,0.65795135,0.25475331,0.76630677
6.70499992,0.00890871,0.02246074,0.01300000,0.66011260,0.24917053,0.74845770
6.80499983,0.01190763,0.02517098,0.01800000,0.67509361,0.24454468,0.78296220
6.90499997,0.01139906,0.02707455,0.02090000,0.68581784,0.24941865,0.81154149
7.00499988,0.01397424,0.01374484,0.01600000,0.76771348,0.21350789,0.75871873
7.10499978,0.01290896,0.01757153,0.02000000,0.75353643,0.21728577,0.79759164
7.20499992,0.00987590,0.02105390,0.01490000,0.76163286,0.21975703,0.76515053
7.30499983,0.01088662,0.01902634,0.01100000,0.73174179,0.22085847,0.76998657
7.40499997,0.01093909,0.02005259,0.01300000,0.73922892,0.22426321,0.76504623
7.50599980,0.01501194,0.01440630,0.00800000,0.78411396,0.22018781,0.78536715
7.60599995,0.01455978,0.01611809,0.01100000,0.78565540,0.23046741,0.77116341
7.70599985,0.01419050,0.01069765,0.01400000,0.79633027,0.21582187,0.80567862
7.80599999,0.01351116,0.00903595,0.01700000,0.76498496,0.21353640,0.86772979
7.90599990,0.01289361,0.00635649,0.01600000,0.76743512,0.20232212,0.88217755
8.00599980,0.01358854,0.00765320,0.01600000,0.78075924,0.20523446,0.86673278
8.10599995,0.01175854,0.00755757,0.01000000,0.77273279,0.20109039,0.80697266
8.20599985,0.01165021,0.00760741,0.00500000,0.78558808,0.20108097,0.77993602
8.30599999,0.01458587,0.00153051,0.00000000,0.83524483,0.19440546,0.78772286
8.40599990,0.01826246,0.00270601,0.00100000,0.85473520,0.19337150,0.80780452
8.50599980,0.01899983,0.00119442,0.00200000,0.89016087,0.18976864,0.78399500
8.60599995,0.01913998,0.00055765,0.00600000,0.86688966,0.19240963,0.78955883
8.70599985,0.01900986,0.00371014,0.01010000,0.86949049,0.19706988,0.78437904
8.80699992,0.01678728,0.00677032,0.01200000,0.88079592,0.18993961,0.80589255
8.90699983,0.01483402,0.00480436,0.00900000,0.87599266,0.18913891,0.82844239
9.00699997,0.01542665,0.00064690,0.00200000,0.85035189,0.18913000,0.80242981
9.10699987,0.01511333,0.00311246,0.00200000,0.87792887,0.18539128,0.80442564
9.20700002,0.01671151,0.01241674,0.00000000,0.86910965,0.19302355,0.82797349
9.30699992,0.01798329,0.01345367,0.00200000,0.87337360,0.18659629,0.83672273
9.40699983,0.01646777,0.01610536,0.00600000,0.87856887,0.18781653,0.82900808
9.50699997,0.01674924,0.01604316,0.00700000,0.90975904,0.19185357,0.81092815
9.60699987,0.01569575,0.01641412,0.00700000,0.90329174,0.18248176,0.81217933
9.70700002,0.01411092,0.01588496,0.00710000,0.82074310,0.17846819,0.83171131
9.80699992,0.01390701,0.01594130,0.01000000,0.85293863,0.18397974,0.83345501
9.90699983,0.01257424,0.01895095,0.01700000,0.84120784,0.19354355,0.88042532
10.00799990,0.01119394,0.01630784,0.02110000,0.85481176,0.20255467,0.88486616
10.10799980,0.01002298,0.01577434,0.01700000,0.83606354,0.20718441,0.88044360
10.20799994,0.01252781,0.01763701,0.01010000,0.83568541,0.20598701,0.87670151
10.30799985,0.01521800,0.01987039,0.00700000,0.89524931,0.20939153,0.88043677
10.40799999,0.01233238,0.02078298,0.00210000,0.87238649,0.21698348,0.86007107
10.50799990,0.00797241,0.02451389,0.00700000,0.87332214,0.21347266,0.90892830
10.60799980,0.00678914,0.02562260,0.00910000,0.84964504,0.21191784,0.87757498
10.70799994,0.00906380,0.01931702,0.00700000,0.85769751,0.21011433,0.87852794
10.80799985,0.01052213,0.02030701,0.00800000,0.83474794,0.21316435,0.85400098
10.90799999,0.00724248,0.02428161,0.00710000,0.84193819,0.21444539,0.84853155
11.00799990,0.00768570,0.02407447,0.00910000,0.82110401,0.22183773,0.82121105
11.10799980,0.00837482,0.02483611,0.02100000,0.82048842,0.22271792,0.90587770
11.20799994,0.00644597,0.02539783,0.01700000,0.76530755,0.22382764,0.89905102
11.30900002,0.00532220,0.02288961,0.00900000,0.76415899,0.21456802,0.85313115
11.40899992,0.00737358,0.02076055,0.00500000,0.76581643,0.21733929,0.85496730
11.50899982,0.00976306,0.02615765,0.00800000,0.73302980,0.23365053,0.81452492
11.60899997,0.00880140,0.03131686,0.00500000,0.73438460,0.24343308,0.81447926
11.70899987,0.00961104,0.03266861,0.00210000,0.75234720,0.23363606,0.82805180
11.80900002,0.00780942,0.03339915,0.00610000,0.74036752,0.23030291,0.85803112
11.90899992,0.00736565,0.03514537,0.00800000,0.71686474,0.24474190,0.84699810
12.00899982,0.00435478,0.02937611,0.02110000,0.72137710,0.24873204,0.88479363
12.10899997,0.00936073,0.02893487,0.01300000,0.74051257,0.23381311,0.87846816
12.20899987,0.00768155,0.03065801,0.00600000,0.71669424,0.24455681,0.81648721
12.30900002,0.00541351,0.03435904,0.00200000,0.75269646,0.25490334,0.80733941
12.40899992,0.01140280,0.03791459,0.00090000,0.74250440,0.26299036,0.80835843
12.50899982,0.01153790,0.04383523,0.00300000,0.73105237,0.28460557,0.79944378
12.60999990,0.00703632,0.04474305,0.01110000,0.71206666,0.28897211,0.88838027
12.70999980,0.00858612,0.03230787,0.01410000,0.71939529,0.26453307,0.89519605
12.80999994,0.00922529,0.03186446,0.01800000,0.75617893,0.27409818,0.88597392
12.90999985,0.01002265,0.03129020,0.01500000,0.72059428,0.26969702,0.86718295
13.00999999,0.01481316,0.03365740,0.00510000,0.77485741,0.26723143,0.81120321
13.10999990,0.00993684,0.04226144,0.01210000,0.70960834,0.27534631,0.86486130
13.20999980,0.00445215,0.04471497,0.00810000,0.71026648,0.28139851,0.81356615
13.30999994,0.00707787,0.03774538,0.00610000,0.68387698,0.25495099,0.79398540
13.40999985,0.01207300,0.03278327,0.00710000,0.68501899,0.24769387,0.79917504
13.50999999,0.00866388,0.03631511,0.00600000,0.69773699,0.24593937,0.80134089
13.60999990,0.01056939,0.03952124,0.00400000,0.69799751,0.24934434,0.76761478
13.70999980,0.01286616,0.03991381,0.00200000,0.69058428,0.24561735,0.79025013
13.80999994,0.01870005,0.03681519,0.00090000,0.72621253,0.23759573,0.79637813
13.91100001,0.01491308,0.05253009,0.00400000,0.72753410,0.26950355,0.80496963
14.01099992,0.01631488,0.05202696,0.00590000,0.70979892,0.27463723,0.79411034
14.11099982,0.01855185,0.04005695,0.00110000,0.73777434,0.25308651,0.79345837
14.21099997,0.01289999,0.05672134,0.00410000,0.68060850,0.28003591,0.80358715
14.31099987,0.01670245,0.03990136,0.00390000,0.76076294,0.26000196,0.82703105
14.41100001,0.01524101,0.05070938,0.00510000,0.78198189,0.28437474,0.83919806
14.51099992,0.01756110,0.04996857,0.00090000,0.76404121,0.28450934,0.83130240
14.61099982,0.01981477,0.04517770,0.00190000,0.79564794,0.26683599,0.84941534
14.71099997,0.01456080,0.04035732,0.00300000,0.78185467,0.24884278,0.83648028
14.81099987,0.01854823,0.04653088,0.00410000,0.78415643,0.27571112,0.82653234
14.91100001,0.01725096,0.04332360,0.00790000,0.80198019,0.27983028,0.80894666
15.01099992,0.01353363,0.04449765,0.01190000,0.72580987,0.27612412,0.84263879
15.11199999,0.01146566,0.04129429,0.01300000,0.71588899,0.27092977,0.86214319
15.21199989,0.01275189,0.03987316,0.01500000,0.74321661,0.26999799,0.85229570
15.31199980,0.01094235,0.03944572,0.01190000,0.76004116,0.26504911,0.85956274
15.41199994,0.01122776,0.03856342,0.00790000,0.73102349,0.26499473,0.79658488
15.51199985,0.01343802,0.04003435,0.01100000,0.73386557,0.26578845,0.85675853
15.61199999,0.01445244,0.03775311,0.01000000,0.73806245,0.25687886,0.87162336
15.71199989,0.01451670,0.03136217,0.00600000,0.74184923,0.23153041,0.81883480
15.81199980,0.01437563,0.03233978,0.00700000,0.73814420,0.23594735,0.82466300
15.91199994,0.01495188,0.03393658,0.01100000,0.73679529,0.22928072,0.88308969
16.01199985,0.01508161,0.03140883,0.01090000,0.78097515,0.22235736,0.89730899
16.11199999,0.01289956,0.02679480,0.01500000,0.72045752,0.22301001,0.89633241
16.21199989,0.01238490,0.02123616,0.01400000,0.70894952,0.22547634,0.89331702
16.31199980,0.01236731,0.01819504,0.01600000,0.73671006,0.21833951,0.90077628
16.41299987,0.01139477,0.01287864,0.01600000,0.75410792,0.21763027,0.89282799
16.51300001,0.00844133,0.01230747,0.01400000,0.73898744,0.21670181,0.89395042
16.61299992,0.00670967,0.01355398,0.01190000,0.72948041,0.22072733,0.88657704
16.71299982,0.00957883,0.02315548,0.00600000,0.74769157,0.22794812,0.81889568
16.81299996,0.00960229,0.02277819,0.00900000,0.74032149,0.22820812,0.87794674
16.91299987,0.00708206,0.02238625,0.01000000,0.75174130,0.22806313,0.88411128
17.01300001,0.00514057,0.02157370,0.01300000,0.77087633,0.22954643,0.86711560
17.11299992,0.01368747,0.02824523,0.01100000,0.76419233,0.24658204,0.86433401
17.21299982,0.01467129,0.03211796,0.00390000,0.73789259,0.24347203,0.82060189
17.31299996,0.01268423,0.03089919,0.00400000,0.73548520,0.24433331,0.79216006
17.41299987,0.01329305,0.02373994,0.00010000,0.72289450,0.20983250,0.77026244
17.51300001,0.01278012,0.01961832,0.00200000,0.71367039,0.19950455,0.76639041
17.61299992,0.01314145,0.01799534,0.00500000,0.71489413,0.18970513,0.76377500
17.71399999,0.01309185,0.01751723,0.00100000,0.72156664,0.19622916,0.75838681
17.81399989,0.01280461,0.01617566,0.00300000,0.71798499,0.20199514,0.76429715
17.91399980,0.01268206,0.01506703,0.00400000,0.70643102,0.19073396,0.77722342
18.01399994,0.01157649,0.00805511,0.00400000,0.69864149,0.17732742,0.76931860
18.11399984,0.01435481,0.00840711,0.00100000,0.73291790,0.18643151,0.78538998
18.21399999,0.01314795,0.00829104,0.00300000,0.72014629,0.18732263,0.76483780
18.31399989,0.01180120,0.00630728,0.00300000,0.70863920,0.18551705,0.79017896
18.41399980,0.01065567,0.00435738,0.00100000,0.67820615,0.18331151,0.77554307
18.51399994,0.00930123,0.00603218,0.00000000,0.69231943,0.18424289,0.77669741
18.61399984,0.00849230,0.00700077,0.00300000,0.68254012,0.17820953,0.78177012
18.71399999,0.00888296,0.00198568,0.00100000,0.68492979,0.17686483,0.76254979
18.81399989,0.00860873,0.00081222,0.00000000,0.70089081,0.17401664,0.74447069
18.91499996,0.01084134,0.00289748,0.00200000,0.70166964,0.17816807,0.74178931
19.01499987,0.00970193,0.00298035,0.00300000,0.70042357,0.17419573,0.73436818
19.11500001,0.01052390,0.00294917,0.00800000,0.70392947,0.18459451,0.71239104
19.21499991,0.01470899,0.00007413,0.01000000,0.74008246,0.18471741,0.79257612
19.31499982,0.01755869,0.00398149,0.00800000,0.75322993,0.18186763,0.75685717
19.41499996,0.01860072,0.00287460,0.00600000,0.75295633,0.18461529,0.73178788
19.51499987,0.01922803,0.00280228,0.00300000,0.75938180,0.18395372,0.71606128
19.61500001,0.01540096,0.00804615,0.00290000,0.73689621,0.19410247,0.70973885
19.71499991,0.01201939,0.01409447,0.00200000,0.72823951,0.21431875,0.72294098
19.81499982,0.01758646,0.00982682,0.00500000,0.72823264,0.21654257,0.72147249
19.91499996,0.01725762,0.00843649,0.01000000,0.74535485,0.20705956,0.77876417
20.01499987,0.01657261,0.00778965,0.01000000,0.75567217,0.19855751,0.77975058
20.11500001,0.01770355,0.00874039,0.01200000,0.75778695,0.19944541,0.77443960
20.21599984,0.01816295,0.00045513,0.01900000,0.79668026,0.17827455,0.76687663
20.31599998,0.01276954,0.00640851,0.00800000,0.80483748,0.18491318,0.75617400
20.41599989,0.01574980,0.00631139,0.00400000,0.82810005,0.18237146,0.70329316
20.51599979,0.02385294,0.00079842,0.00400000,0.87400917,0.18311030,0.71081404
20.61599994,0.02525388,0.00213807,0.00600000,0.85146182,0.19091492,0.72113432
20.71599984,0.02220868,0.00123067,0.01100000,0.86243312,0.19793696,0.78097254
20.81599998,0.02018298,0.00264334,0.00700000,0.81781812,0.20161569,0.73024594
20.91599989,0.02245076,0.00353036,0.00600000,0.85216506,0.20260674,0.74548515
21.01599979,0.01743935,0.00209022,0.01000000,0.79101535,0.20869930,0.79651638
21.11599994,0.02112150,0.00011022,0.01800000,0.85306151,0.21188620,0.79752833
21.21599984,0.02185175,0.00044828,0.01700000,0.87246822,0.20440998,0.79891542
21.31599998,0.01798189,0.00732883,0.01200000,0.81305113,0.22354958,0.79821984
21.41699982,0.01790474,0.01355251,0.00600000,0.81022956,0.22913778,0.73295733
21.51699996,0.01976655,0.00904232,0.01100000,0.81304765,0.22692272,0.79330072
21.61699986,0.01961937,0.00778977,0.00600000,0.81544381,0.22230592,0.73982839
21.71700001,0.02176814,0.00436213,0.00700000,0.86878078,0.21396994,0.71499744
21.81699991,0.02213165,0.00311928,0.01100000,0.88276069,0.21179115,0.76078119
21.91699982,0.02245641,0.00400494,0.01200000,0.85272444,0.21757393,0.76654618
22.01699996,0.02784288,0.00463185,0.02200000,0.83899496,0.22056357,0.78794522
22.11699986,0.02392329,0.00237615,0.01800000,0.80833055,0.22313476,0.80101418
22.21700001,0.02224404,0.00226550,0.01300000,0.77380497,0.22415817,0.82630425
22.31699991,0.01895313,0.00070640,0.00900000,0.78768840,0.21809403,0.78739963
22.41699982,0.01796936,0.00040266,0.00400000,0.78120418,0.21808012,0.73164252
22.51699996,0.01989497,0.00113147,0.00400000,0.78263649,0.22632624,0.74667052
22.61699986,0.02277379,0.00153443,0.00400000,0.77333144,0.22778385,0.74167863
22.71799994,0.01935748,0.00367937,0.00100000,0.74721358,0.22909396,0.71253433
22.81799984,0.02054677,0.00433939,0.00100000,0.75243528,0.22034673,0.70739170
22.91799998,0.01471864,0.00096526,0.00600000,0.71439040,0.22052325,0.73793157
23.01799989,0.01487852,0.00069249,0.00600000,0.71268046,0.22207605,0.71181610
23.11799979,0.01542811,0.00244405,0.00410000,0.68952101,0.23318006,0.68631971
23.21799994,0.01279043,0.00331735,0.00600000,0.68066040,0.23547359,0.69569905
23.31799984,0.01271989,0.00606501,0.00500000,0.69459919,0.23853683,0.71560774
23.41799998,0.01655764,0.01014813,0.00400000,0.69981584,0.25435879,0.67283646
23.51799989,0.01788273,0.00388688,0.00400000,0.65994310,0.23915013,0.70684183
23.61799979,0.01657519,0.00330351,0.00300000,0.65323292,0.23519733,0.68405910
23.71799994,0.01666369,0.00240236,0.00200000,0.68721734,0.23721939,0.68100934
23.81799984,0.01545190,0.00378139,0.00100000,0.65524535,0.22938880,0.67774544
23.91899991,0.01608446,0.00017329,0.00100000,0.62889533,0.22192588,0.68031225
24.01899981,0.01884088,0.00112307,0.00400000,0.63797354,0.21426470,0.69445275
24.11899996,0.02081254,0.00029684,0.00600000,0.67104990,0.21625464,0.65578703
24.21899986,0.01646945,0.00573473,0.00200000,0.68399269,0.22350787,0.66461871
24.31900001,0.01593879,0.00582710,0.00400000,0.67275786,0.22540311,0.64968703
24.41899991,0.01747192,0.00727613,0.00700000,0.66784927,0.23705244,0.70078945
24.51899981,0.01796110,0.00737962,0.00800000,0.67382810,0.24051590,0.69489401
24.61899996,0.02052683,0.01119372,0.00500000,0.72156812,0.24052317,0.65901082
24.71899986,0.02316403,0.01563610,0.00400000,0.70131795,0.23745461,0.66410130
24.81900001,0.02395597,0.01672368,0.00200000,0.71868000,0.24467838,0.68861097
24.91899991,0.02477859,0.01332035,0.00200000,0.71076439,0.24633442,0.72384877
25.01899981,0.02344898,0.00946125,0.00400000,0.71434926,0.24310155,0.71704489
25.11899996,0.02317835,0.00735964,0.00100000,0.71531936,0.22695325,0.70214947
25.21999979,0.02608190,0.00378342,0.00600000,0.78886850,0.21725667,0.69936183
25.31999993,0.02855198,0.00563511,0.00200000,0.77455947,0.21745024,0.67372800
25.41999984,0.02738513,0.00825014,0.00400000,0.75251269,0.23016358,0.67487979
25.51999998,0.02635752,0.01069023,0.00600000,0.74423566,0.25098316,0.67551435
25.61999989,0.02551704,0.00693476,0.01000000,0.77975985,0.22559176,0.73150533
25.71999979,0.02061044,0.00548725,0.00800000,0.73269585,0.22573788,0.74415016
25.81999993,0.02423950,0.00717541,0.00700000,0.73828805,0.21664812,0.72812382
25.91999984,0.02245210,0.00741034,0.00500000,0.72389465,0.21622033,0.71471174
26.01999998,0.02457798,0.00847365,0.00300000,0.75093193,0.23411133,0.65659754
26.11999989,0.02395172,0.00660341,0.00100000,0.74567411,0.21995640,0.66689215
26.21999979,0.02290556,0.00719969,0.00200000,0.78110640,0.22590957,0.66449868
26.31999993,0.02516498,0.00859790,0.00300000,0.79822946,0.24153759,0.69726136
26.42100000,0.02406639,0.00847283,0.00200000,0.71331417,0.23729877,0.69502231
26.52099991,0.02119171,0.00612138,0.00600000,0.69672531,0.22101678,0.71164822
26.62099981,0.02308838,0.00488741,0.00800000,0.72304923,0.21624237,0.73055795
26.72099996,0.02110531,0.00508093,0.00900000,0.71394132,0.22632881,0.76269340
26.82099986,0.02432806,0.00627421,0.00900000,0.71272795,0.23419593,0.74972362
26.92100000,0.02633134,0.00936164,0.00800000,0.75271805,0.25769297,0.70045975
27.02099991,0.02205149,0.00640559,0.00800000,0.72451568,0.24599318,0.72735826
27.12099981,0.02050332,0.00454463,0.00700000,0.70322940,0.24997823,0.71253926
27.22099996,0.01949858,0.00494524,0.00500000,0.69734510,0.24331301,0.73316294
27.32099986,0.02252566,0.00609710,0.00400000,0.65257051,0.23773573,0.71436097
27.42100000,0.01904080,0.00372800,0.00900000,0.66212031,0.23983226,0.77468722
27.52099991,0.02046676,0.00423459,0.00800000,0.67885365,0.23317440,0.72864718
27.62199998,0.01814036,0.00363557,0.01400000,0.68308271,0.22977033,0.77639946
27.72199988,0.01615158,0.00433896,0.01200000,0.65286864,0.23551765,0.77046690
27.82199979,0.01880950,0.00337232,0.01000000,0.66611246,0.24093813,0.77049710
27.92199993,0.01629653,0.00365418,0.01000000,0.63069339,0.23077839,0.75008730
28.02199984,0.01629578,0.00365754,0.00700000,0.64128108,0.23481501,0.69184827
28.12199998,0.02019141,0.00601641,0.01000000,0.64743780,0.22773318,0.73954766
28.22199988,0.01864433,0.00752854,0.01500000,0.66043381,0.23509054,0.75640134
28.32199979,0.01937058,0.00747800,0.01600000,0.65676914,0.23052592,0.71829768
28.42199993,0.01844541,0.00605531,0.01300000,0.65248064,0.21906641,0.70997781
28.52199984,0.02190176,0.00566330,0.01300000,0.65015392,0.21985583,0.72289085
28.62199998,0.02352078,0.00815308,0.00900000,0.64871079,0.22455168,0.63839687
28.72199988,0.01938615,0.01126353,0.01100000,0.63150097,0.23003923,0.66561146
28.82199979,0.01954292,0.00955900,0.00600000,0.62560935,0.22285081,0.62142951
28.92299986,0.02131736,0.00359727,0.00600000,0.62118103,0.21050813,0.62140541
29.02300000,0.02276148,0.00594770,0.00500000,0.61853953,0.21315083,0.63597172
29.12299991,0.02472127,0.00779415,0.00400000,0.58494349,0.21082511,0.67232949
29.22299981,0.01969642,0.00642269,0.00200000,0.59929349,0.20329151,0.67212951
29.32299995,0.02052633,0.00588301,0.00400000,0.57402139,0.19118430,0.66563712
29.42299986,0.01871558,0.00815703,0.00800000,0.59707295,0.20976605,0.67723586
29.52300000,0.01753585,0.00841808,0.00800000,0.60770555,0.22255140,0.70243085
29.62299991,0.01999573,0.00597501,0.01000000,0.63402348,0.20784157,0.78447059
29.72299981,0.02081142,0.00839671,0.01000000,0.63296592,0.20736151,0.77133190
29.82299995,0.02020370,0.00837022,0.00900000,0.64876046,0.20559802,0.71664986
29.92299986,0.02205334,0.00784220,0.00700000,0.62024893,0.20113555,0.72721448
30.02300000,0.02259562,0.00673039,0.00700000,0.63621800,0.19007287,0.71314320
30.12399983,0.01923130,0.00765293,0.01000000,0.62264522,0.19430038,0.74136492
30.22399998,0.01677068,0.00672268,0.01000000,0.65050191,0.19556136,0.73677636
30.32399988,0.01729103,0.00571228,0.01100000,0.65846710,0.20258155,0.73496660
30.42399979,0.02053401,0.00343573,0.00900000,0.67203197,0.19824880,0.71246957
30.52399993,0.02136699,0.00432800,0.00700000,0.66232462,0.19565137,0.71574183
30.62399983,0.02305075,0.00458287,0.00700000,0.67236092,0.19665895,0.74175099
30.72399998,0.02256460,0.00591090,0.00600000,0.63353040,0.19841636,0.74391510
30.82399988,0.02397860,0.00743753,0.00100000,0.63941596,0.19339893,0.75155990
30.92399979,0.02295588,0.00599396,0.00500000,0.63045011,0.18825849,0.77662572
31.02399993,0.02453884,0.00479638,0.00900000,0.65889172,0.19472584,0.83230561
31.12399983,0.02357542,0.00837434,0.01000000,0.63367973,0.18690649,0.83385991
31.22399998,0.02057553,0.01336030,0.01000000,0.61180405,0.20711583,0.82920044
31.32499981,0.02046585,0.01098586,0.00800000,0.62746874,0.20310776,0.77513095
31.42499995,0.02333656,0.00853316,0.00600000,0.59871810,0.19085800,0.79378297
31.52499986,0.02139826,0.00658822,0.00700000,0.61748220,0.19089745,0.80241893
31.62500000,0.01956046,0.00609576,0.00700000,0.58806825,0.18897793,0.79641017
31.72499990,0.01899966,0.00873688,0.00400000,0.60886077,0.19669740,0.82370981
31.82499981,0.01825264,0.00888489,0.00300000,0.59968369,0.19623099,0.81585223
31.92499995,0.01991892,0.00729634,0.00300000,0.60467735,0.19196991,0.79827615
32.02499986,0.02069880,0.00603072,0.00300000,0.63307101,0.19779701,0.79721027
32.12500000,0.02094130,0.00874024,0.00500000,0.64006083,0.21509633,0.77592508
32.22499990,0.02139489,0.00852987,0.00800000,0.65964312,0.19450053,0.77755266
32.32499981,0.02349933,0.00969233,0.00800000,0.64587681,0.21725603,0.76106942
32.42499995,0.02248834,0.01060211,0.01200000,0.63242867,0.21641273,0.80636701
32.52599978,0.02090249,0.01036754,0.00900000,0.63216251,0.21540626,0.78554439
32.62599993,0.02193964,0.01222342,0.00910000,0.64824543,0.20580591,0.74918254
32.72599983,0.02439112,0.01223288,0.00700000,0.63469145,0.20865144,0.68999912
32.82599998,0.02318778,0.01115961,0.00500000,0.62555129,0.20721077,0.71208391
32.92599988,0.02272950,0.00994283,0.00300000,0.61687381,0.21045184,0.70633245
33.02599978,0.02378843,0.00832770,0.00200000,0.62443475,0.20407805,0.69588060
33.12599993,0.02074630,0.01013464,0.00400000,0.63500394,0.21380787,0.71263409
33.22599983,0.02163277,0.00981189,0.00400000,0.64692469,0.20466598,0.70367690
33.32599998,0.02070371,0.00552507,0.00800000,0.63966004,0.17430764,0.73805128
33.42599988,0.02114029,0.00347102,0.00900000,0.62153014,0.16601141,0.75160624
33.52599978,0.02219547,0.00379753,0.00600000,0.63564278,0.16922260,0.69267375
33.62599993,0.02394147,0.00375978,0.00600000,0.64366449,0.15792512,0.66408549
33.72599983,0.02000571,0.00159418,0.00490000,0.66824393,0.16597405,0.65238070
33.82699990,0.02168936,0.00184981,0.00500000,0.69630724,0.16725984,0.66845644
33.92699981,0.02137058,0.00383124,0.00600000,0.68873966,0.16790931,0.67070924
34.02699995,0.02260880,0.00521939,0.00400000,0.68350949,0.17500021,0.65237106
34.12699986,0.02468779,0.00842217,0.00700000,0.69847313,0.19031104,0.63373069
34.22700000,0.02176180,0.00871976,0.00700000,0.70948023,0.19246234,0.61081756
34.32699990,0.02011151,0.00734624,0.00900000,0.74427750,0.18066945,0.65829451
34.42699981,0.01844041,0.00126544,0.00900000,0.69601962,0.17984652,0.65367595
34.52699995,0.01924165,0.00009351,0.00900000,0.74800478,0.17178595,0.58862307
34.62699986,0.01997142,0.00272076,0.00800000,0.75720744,0.17651687,0.57389499
34.72700000,0.02176884,0.00484229,0.00800000,0.76566767,0.17888754,0.60679696
34.82699990,0.01928361,0.00594916,0.01200000,0.75228329,0.18496579,0.65655302
34.92699981,0.02104408,0.00776057,0.01200000,0.75677701,0.18232218,0.68805365
35.02799988,0.02621724,0.01274937,0.00910000,0.79686436,0.18946337,0.65325410
35.12799978,0.02876548,0.01134933,0.00100000,0.76647181,0.18118977,0.63752526
35.22799993,0.02453713,0.01055506,0.00100000,0.78950024,0.17817642,0.64826166
35.32799983,0.02412739,0.01343277,0.00810000,0.80539788,0.18667404,0.66192314
35.42799997,0.02441804,0.01350035,0.01200000,0.81668760,0.19038628,0.68773457
35.52799988,0.02322362,0.00138336,0.00100000,0.84374706,0.16782299,0.67089727
35.62799978,0.02593338,0.00114442,0.00400000,0.87113467,0.16527955,0.68770042
35.72799993,0.02952358,0.00253145,0.00400000,0.87711861,0.16557672,0.69450600
35.82799983,0.02821781,0.00337713,0.00200000,0.87281121,0.16603868,0.69481307
35.92799997,0.02796542,0.00169268,0.00400000,0.89147509,0.17171386,0.68927555
36.02799988,0.02749709,0.00292749,0.00300000,0.87450378,0.16768396,0.69289660
36.12799978,0.03514473,0.00732789,0.00300000,0.92011574,0.18462148,0.68101507
36.22899985,0.02988299,0.01183162,0.00600000,0.87589698,0.20922412,0.66585274
36.32900000,0.02975700,0.01192649,0.00500000,0.87459098,0.21754765,0.67851408
36.42899990,0.03402061,0.00969425,0.00400000,0.91669102,0.20624363,0.67694380
36.52899981,0.02539497,0.00340523,0.00600000,0.88319865,0.20563306,0.68326526
36.62899995,0.03359773,0.00109190,0.00400000,0.96202734,0.19971722,0.68128863
36.72899985,0.03040848,0.00144714,0.01300000,0.95908362,0.20469145,0.74335954
36.82900000,0.03469610,0.00087211,0.01500000,0.95695687,0.20277299,0.73200699
36.92899990,0.02979120,0.00457216,0.01090000,0.90694122,0.20983160,0.64976806
37.02899981,0.02786536,0.00691749,0.01200000,0.91699146,0.21835228,0.69849486
37.12899995,0.02557267,0.00668572,0.01590000,0.94037895,0.22008476,0.68650704
37.22899985,0.02574856,0.01062316,0.01400000,0.92962555,0.21860232,0.67268731
37.32900000,0.01920158,0.00972364,0.02100000,0.89845702,0.22261589,0.69344272
37.42999983,0.02162120,0.00814272,0.02700000,0.87276781,0.22218177,0.73223836
37.52999997,0.02417460,0.01031692,0.01900000,0.91375810,0.22689439,0.69831043
37.62999988,0.02515727,0.00875680,0.01700000,0.89426400,0.22421327,0.71301503
37.72999978,0.02756503,0.00532437,0.01390000,0.87873269,0.22363890,0.72600642
37.82999992,0.02631112,0.00160459,0.00900000,0.88922207,0.21942006,0.66521935
37.92999983,0.02310643,0.00058543,0.00800000,0.89217432,0.21370248,0.66173259
38.02999997,0.02258583,0.00459675,0.00790000,0.89207366,0.21992379,0.64306995
38.12999988,0.02263363,0.01062868,0.00890000,0.87173960,0.23229342,0.62504312
38.22999978,0.02483633,0.00858234,0.01200000,0.90699122,0.23605010,0.62621775
38.32999992,0.02788370,0.00797866,0.01400000,0.87807161,0.24623983,0.65373404
38.42999983,0.02728614,0.01252185,0.01400000,0.86362578,0.25259653,0.61231718
38.52999997,0.02740156,0.01792775,0.01400000,0.82885679,0.24863924,0.60940859
38.62999988,0.02675343,0.01776384,0.01290000,0.83699007,0.25076979,0.61075700
38.73099995,0.02380744,0.03481617,0.01010000,0.79880531,0.28270803,0.58352828
38.83099985,0.02028144,0.02170630,0.01100000,0.77155443,0.26311855,0.58993120
38.93099999,0.02146161,0.03111365,0.01210000,0.79498309,0.27907550,0.60112523
39.03099990,0.02605816,0.02754818,0.00390000,0.79016415,0.26798659,0.60022856
39.13099980,0.02908367,0.02551197,0.00090000,0.85760128,0.26652220,0.60795642
39.23099995,0.03088566,0.03381369,0.00210000,0.86951365,0.26605088,0.62885783
39.33099985,0.02591820,0.02377513,0.00690000,0.82670257,0.23767222,0.64977301
39.43099999,0.01715358,0.03588878,0.00610000,0.77041825,0.25451103,0.67638024
39.53099990,0.01736313,0.02667099,0.00900000,0.79073903,0.24704039,0.65565293
39.63099980,0.01954352,0.02852456,0.01600000,0.80123043,0.23891508,0.63500679
39.73099995,0.01970063,0.03146451,0.01710000,0.76706453,0.24694440,0.70325948
39.83099985,0.02110357,0.02415656,0.02000000,0.74470960,0.23697736,0.72247746
39.93199992,0.01709511,0.03558774,0.01700000,0.75195895,0.25654328,0.72857299
40.03199983,0.01573990,0.03034955,0.01600000,0.75863573,0.24935650,0.71195690
40.13199997,0.01625170,0.02903106,0.01800000,0.73435314,0.24713546,0.74035310
40.23199987,0.01842725,0.02892553,0.02110000,0.73005440,0.23869239,0.74511940
40.33200002,0.01755421,0.02780323,0.01800000,0.73101811,0.22413927,0.76678081
40.43199992,0.01663584,0.02687562,0.01600000,0.72210941,0.21998651,0.76419420
40.53199983,0.01794897,0.03088826,0.01400000,0.75374346,0.24020734,0.70966587
40.63199997,0.02109282,0.03284711,0.01700000,0.75975379,0.23658080,0.77428994
40.73199987,0.02151511,0.03233496,0.01300000,0.76243002,0.24189708,0.69611952
40.83200002,0.01925531,0.03099215,0.01110000,0.76004293,0.24639329,0.71898654
40.93199992,0.01435473,0.03303637,0.01700000,0.72875883,0.24401444,0.74107922
41.03199983,0.01523988,0.03315035,0.01800000,0.71669996,0.25191019,0.76469352
41.13299990,0.01702786,0.03428793,0.01900000,0.68888883,0.25241313,0.76930623
41.23299980,0.02004763,0.02359369,0.01410000,0.69311922,0.22466987,0.73511690
41.33299994,0.01547352,0.02293687,0.01800000,0.65369423,0.22244543,0.78034572
41.43299985,0.00878973,0.02733021,0.02000000,0.65390585,0.22552969,0.80555291
41.53299999,0.01023032,0.03342365,0.01700000,0.69094205,0.23855396,0.78778625
41.63299990,0.01283513,0.03455300,0.01700000,0.74027670,0.23932215,0.83682546
41.73299980,0.01410433,0.03043876,0.01600000,0.71586195,0.23859520,0.81148426
41.83299994,0.01411101,0.02253396,0.01610000,0.74373070,0.21531317,0.80993903
41.93299985,0.01478105,0.02186985,0.01700000,0.76902385,0.21779066,0.77779350
42.03299999,0.01326486,0.02305739,0.01100000,0.73016792,0.21795142,0.73343852
42.13299990,0.01584932,0.02079421,0.00810000,0.74246655,0.21737801,0.72317194
42.23299980,0.01467076,0.01794823,0.01200000,0.75661756,0.21260565,0.70285799
42.33399987,0.01373254,0.01886127,0.01210000,0.76175332,0.20826462,0.71386183
42.43400002,0.01289731,0.02328432,0.01300000,0.80117848,0.20597622,0.70552230
42.53399992,0.01230775,0.02489517,0.01000000,0.79427257,0.20539244,0.66351273
42.63399982,0.01171379,0.01869564,0.01000000,0.78772376,0.20291348,0.71623167
42.73399997,0.00940056,0.01804659,0.01110000,0.81141846,0.21292655,0.71482866
42.83399987,0.01041779,0.02331973,0.01110000,0.81563625,0.21743078,0.65806928
42.93400002,0.01187349,0.02940612,0.00710000,0.83014302,0.23177035,0.64298528
43.03399992,0.01398313,0.02926862,0.00400000,0.81179237,0.22970106,0.64517400
43.13399982,0.01502886,0.02662467,0.00200000,0.79323281,0.22741698,0.63858120
43.23399997,0.01250048,0.02211941,0.00110000,0.81656255,0.20637751,0.65245368
43.33399987,0.01093672,0.02575651,0.01200000,0.80191317,0.22700144,0.67189329
43.43400002,0.01262886,0.02737155,0.01110000,0.78156516,0.23741170,0.66909602
43.53399992,0.01207455,0.02230348,0.00800000,0.80825352,0.23009448,0.68909436
43.63499999,0.01170223,0.01420063,0.00700000,0.78728290,0.20375955,0.69978902
43.73499990,0.01327289,0.01588491,0.00500000,0.75393389,0.20979066,0.70047728
43.83499980,0.01335061,0.01691896,0.00500000,0.74429179,0.20949669,0.76154149
43.93499994,0.01288779,0.01854278,0.00000000,0.74538439,0.20885456,0.73449454
44.03499985,0.01218558,0.01806465,0.00300000,0.78366172,0.21459102,0.74350497
44.13499999,0.01132121,0.01200667,0.01000000,0.77687203,0.20354535,0.72944492
44.23499990,0.01105176,0.01325891,0.01210000,0.80096820,0.20488012,0.76777709
44.33499980,0.01031478,0.01707060,0.00700000,0.78548389,0.21423554,0.70979796
44.43499994,0.01122822,0.01766372,0.00710000,0.80551306,0.21310270,0.74201152
44.53499985,0.01042402,0.01029271,0.00600000,0.80249574,0.19948296,0.71837222
44.63499999,0.01326402,0.01140683,0.00900000,0.80923196,0.20169804,0.71894016
44.73499990,0.01396054,0.01061477,0.01000000,0.77858915,0.19967670,0.68182159
44.83599997,0.01525349,0.01178903,0.01300000,0.79305996,0.19733902,0.71947247
44.93599987,0.01252741,0.01025592,0.01200000,0.75018144,0.19767267,0.71569878
45.03600001,0.01208162,0.00952441,0.01100000,0.73773962,0.19169729,0.73513218
45.13599992,0.01192483,0.01273925,0.00600000,0.75633589,0.20020537,0.68331512
45.23599982,0.01507355,0.00510275,0.01100000,0.74872776,0.19472726,0.74079227
45.33599997,0.01637797,0.00473836,0.01200000,0.74082910,0.19453520,0.75441207
45.43599987,0.01620308,0.00805421,0.01400000,0.74358607,0.20068208,0.74558031
45.53600001,0.01530620,0.00846464,0.01300000,0.73729855,0.20940624,0.75033533
45.63599992,0.01434992,0.00917059,0.01010000,0.73243378,0.21258009,0.71038907
45.73599982,0.01511929,0.01043346,0.01010000,0.71071781,0.21527456,0.69966229
45.83599997,0.01516657,0.00420418,0.00800000,0.65621856,0.20230422,0.72125723
45.93599987,0.01790482,0.00025963,0.00800000,0.71895168,0.20037211,0.76307623
46.03600001,0.01781085,0.00128589,0.01000000,0.73733922,0.19862578,0.76180130
46.13599992,0.01894753,0.00084318,0.01000000,0.74102415,0.20889239,0.76203889
46.23699999,0.01428641,0.00301139,0.01000000,0.71113233,0.19947102,0.76211535
46.33699989,0.01270747,0.00024556,0.01400000,0.68371994,0.19050702,0.81935869
46.43699980,0.01487823,0.00788216,0.01100000,0.69661481,0.19294854,0.80869772
46.53699994,0.01606293,0.00865288,0.01100000,0.68125642,0.18649258,0.81708852
46.63699985,0.01965523,0.00474572,0.01200000,0.72407352,0.19003741,0.81103322
46.73699999,0.01982504,0.00705534,0.01000000,0.71781184,0.19748115,0.74382024
46.83699989,0.01541556,0.00796370,0.00800000,0.68579371,0.19692866,0.76869734
46.93699980,0.01565189,0.00811901,0.00900000,0.69125778,0.20068311,0.72710585
47.03699994,0.01835780,0.01185079,0.01000000,0.74647420,0.19719694,0.72002531
47.13699985,0.01900614,0.01600552,0.00700000,0.73033401,0.19637085,0.73537279
47.23799992,0.01560579,0.01975853,0.00200000,0.71411032,0.20155343,0.70124631
47.33799982,0.01374728,0.02014006,0.00200000,0.71093988,0.20544065,0.68572684
47.43799996,0.01375450,0.01871132,0.00200000,0.73166654,0.20139502,0.67294696
47.53799987,0.01265674,0.01690021,0.00000000,0.70951469,0.20565059,0.62312766
47.63800001,0.01290432,0.01716038,0.00600000,0.70860679,0.20519079,0.64326310
47.73799992,0.01681457,0.02432427,0.00900000,0.71797948,0.20615197,0.63084894
47.83799982,0.01712023,0.01783108,0.01090000,0.72832914,0.20003499,0.69415382
47.93799996,0.01813168,0.01732317,0.01200000,0.71759073,0.19961954,0.72812007
48.03799987,0.01604911,0.01520941,0.01600000,0.71762392,0.19974846,0.72759904
48.13800001,0.00901862,0.02246029,0.01400000,0.65826022,0.20970521,0.73191678
48.23799992,0.01145739,0.02310039,0.00690000,0.65851947,0.20969309,0.64724497
48.33799982,0.01164126,0.02674268,0.00500000,0.63498594,0.22529066,0.62252029
48.43799996,0.00988388,0.02424457,0.00700000,0.62973059,0.22033756,0.62143364
48.53899980,0.01005208,0.02421747,0.00700000,0.64007817,0.22070941,0.61385410
48.63899994,0.01015021,0.02807816,0.01600000,0.62357342,0.22126659,0.65520132
48.73899984,0.01211701,0.03320464,0.01200000,0.63665044,0.22645658,0.67979492
48.83899999,0.01349225,0.03692004,0.00690000,0.63662377,0.23097302,0.63419138
48.93899989,0.01437853,0.03808238,0.00600000,0.68500473,0.23305926,0.64804777
49.03899980,0.01430746,0.03963264,0.00210000,0.67068544,0.23896808,0.66602540
49.13899994,0.01525941,0.03905676,0.00300000,0.61660355,0.23854715,0.64293664
49.23899984,0.01433936,0.03771356,0.00290000,0.59973742,0.23197406,0.64470214
49.33899999,0.01534481,0.03855693,0.00390000,0.58569633,0.24332749,0.62989404
49.43899989,0.01255149,0.03582625,0.00800000,0.54356750,0.25479452,0.60683312
49.53899980,0.01065880,0.03800750,0.01400000,0.56768280,0.26261095,0.67775091
49.63899994,0.01021655,0.03981987,0.01300000,0.60116602,0.27114419,0.65030534
49.74000001,0.01075784,0.04033707,0.01500000,0.60307895,0.27010765,0.63921063
49.83999991,0.01077449,0.04369119,0.00890000,0.60319755,0.27041478,0.59023220
49.93999982,0.01002472,0.04626451,0.00090000,0.60069514,0.27451373,0.57292820
50.03999996,0.00938376,0.04658203,0.00400000,0.59497913,0.26962146,0.57852738
50.13999987,0.01130560,0.04716973,0.00790000,0.61255476,0.27930585,0.61077969
50.24000001,0.01107265,0.04883888,0.01200000,0.60938968,0.28024872,0.64307856
50.33999991,0.01074085,0.04940784,0.01590000,0.58340768,0.27754441,0.68724790
50.43999982,0.00685130,0.05734631,0.01300000,0.57020836,0.28503453,0.71253369
50.53999996,0.00718477,0.05769228,0.00590000,0.56057642,0.28583620,0.68923722
50.63999987,0.00713410,0.05820202,0.00490000,0.58168285,0.28052951,0.71796762
50.74000001,0.00544446,0.05917168,0.00210000,0.60843077,0.28252559,0.71044199
50.83999991,0.00462920,0.05999775,0.00490000,0.61414334,0.29560580,0.77155279
50.93999982,0.00431189,0.05811426,0.00490000,0.60751389,0.29583371,0.79915196
51.04099989,0.00387584,0.05604666,0.00100000,0.61446521,0.29388140,0.80342427
51.14099979,0.00266794,0.05510038,0.00100000,0.64715421,0.29222310,0.81572451
51.24099994,0.00109366,0.08735819,0.00410000,0.64116411,0.33228316,0.82922006
51.34099984,0.00631240,0.05829334,0.00990000,0.64045575,0.29794552,0.89231953
51.44099998,0.00423255,0.07786107,0.00510000,0.67773492,0.32128033,0.86452343
51.54099989,0.00936696,0.05725339,0.00500000,0.74398550,0.29033303,0.86613338
51.64099979,0.00821577,0.05458847,0.00590000,0.68079131,0.29022103,0.87082300
51.74099994,0.00031608,0.08253569,0.01410000,0.71825263,0.32127778,0.90855770
51.84099984,0.00447191,0.06267457,0.01490000,0.74540377,0.29448744,0.86983530
51.94099998,0.00033723,0.08028883,0.01510000,0.75139091,0.32001960,0.85667708
52.04099989,0.00828478,0.06578307,0.01290000,0.82324203,0.30803122,0.83667524
52.14099979,0.01320454,0.06976310,0.01190000,0.85186529,0.30616094,0.80195840
52.24099994,0.00698074,0.06560060,0.00910000,0.79605217,0.30264325,0.83487266
52.34200001,0.00418834,0.06652840,0.00910000,0.81111222,0.28573178,0.80941913
52.44199991,0.00340916,0.06642249,0.01110000,0.81490437,0.28787763,0.81668557
52.54199982,0.00182342,0.06440283,0.00810000,0.82035871,0.26276248,0.81891627
52.64199996,0.00463989,0.06134983,0.00810000,0.81198115,0.26047285,0.80099424
52.74199986,0.00601410,0.06163384,0.00510000,0.80199375,0.25521963,0.77666318
52.84200001,0.00939811,0.06047029,0.00110000,0.85448609,0.25089057,0.79395450
52.94199991,0.00865389,0.05935790,0.00190000,0.83935847,0.25312486,0.79283691
53.04199982,0.00896133,0.05717433,0.00200000,0.85322458,0.25156016,0.78180303
53.14199996,0.00861500,0.05762805,0.00590000,0.85414566,0.25148992,0.79318083
53.24199986,0.00666936,0.05655581,0.00190000,0.82388396,0.24652030,0.79583152
53.34200001,0.00592718,0.05332090,0.00390000,0.84341704,0.25161537,0.79277214
53.44199991,0.00465729,0.05193082,0.00490000,0.79556894,0.25323820,0.78757482
53.54299998,0.00454212,0.05331369,0.00590000,0.79757872,0.25433866,0.75922404
53.64299989,0.00329961,0.05556341,0.00400000,0.77575728,0.25268909,0.74887739
53.74299979,0.00359234,0.05518908,0.00000000,0.75287303,0.24824240,0.72893094
53.84299994,0.00220888,0.05308786,0.00400000,0.72522218,0.24671463,0.74663750
53.94299984,0.00122449,0.05033399,0.00810000,0.71905361,0.23921235,0.76269848
54.04299998,0.00184608,0.04924472,0.00410000,0.71026690,0.23747014,0.70524205
54.14299989,0.00106074,0.04647327,0.00410000,0.72667253,0.24019449,0.69235281
54.24299979,0.00262120,0.04645438,0.00510000,0.71921096,0.23153790,0.68977587
54.34299994,0.00121179,0.04516837,0.00510000,0.73341905,0.23594574,0.69172477
54.44299984,0.00037209,0.04506042,0.01010000,0.75029502,0.23602187,0.74242242
54.54299998,0.00244061,0.04419008,0.01010000,0.74735634,0.23643918,0.73488486
54.64299989,0.00412125,0.04678959,0.00800000,0.75017764,0.23936518,0.71955344
54.74299979,0.00324588,0.04637030,0.00800000,0.76569688,0.23548293,0.72457498
54.84399986,0.00285596,0.04439734,0.00900000,0.72190746,0.23588263,0.75555130
54.94400001,0.00336025,0.03789787,0.00700000,0.69379252,0.22731407,0.71687087
55.04399991,0.00242497,0.03707613,0.00090000,0.69804143,0.22281036,0.72059765
55.14399981,0.00206733,0.03923782,0.00090000,0.69482096,0.22451046,0.72000858
55.24399996,0.00045173,0.04026780,0.00090000,0.67909721,0.21829372,0.74305883
55.34399986,0.00180802,0.03469454,0.00600000,0.72556880,0.21246062,0.73904656
55.44400001,0.00273827,0.03369424,0.00600000,0.71288234,0.22852942,0.76625041
55.54399991,0.00078857,0.03106796,0.00400000,0.71054810,0.23214649,0.80372318
55.64399981,0.00279588,0.02976900,0.00410000,0.68779810,0.23209504,0.80355409
55.74399996,0.00320229,0.03163977,0.00110000,0.69020061,0.23401604,0.80015980
55.84399986,0.00313245,0.03120317,0.00000000,0.69477741,0.23929559,0.79137085
55.94400001,0.00520800,0.02544890,0.00100000,0.69152113,0.23507868,0.78706799
56.04499984,0.00718191,0.02048585,0.00600000,0.74399343,0.22657477,0.78747070
56.14499998,0.00552916,0.01902862,0.00900000,0.69372927,0.22112550,0.82429412
56.24499989,0.00374720,0.02519203,0.00700000,0.68994459,0.23762923,0.78764172
56.34499979,0.00379397,0.02368514,0.00490000,0.68634342,0.23549148,0.75264542
56.44499993,0.00698856,0.02042450,0.00400000,0.71427364,0.22915144,0.74763306
56.54499984,0.00659758,0.01928139,0.00600000,0.75178658,0.22755589,0.75913038
56.64499998,0.00705084,0.01890570,0.00900000,0.75306583,0.22579342,0.81884220
56.74499989,0.00907348,0.02407015,0.00600000,0.78243627,0.23446279,0.78017647
56.84499979,0.00839496,0.02531353,0.00500000,0.78942891,0.24314821,0.78585544
56.94499993,0.00925533,0.02216098,0.00500000,0.80675149,0.23651787,0.75298273
57.04499984,0.00828197,0.01526201,0.01500000,0.81149837,0.23030808,0.81054552
57.14499998,0.00549547,0.01374554,0.01400000,0.75103298,0.22767942,0.80505486
57.24499989,0.00678575,0.01273120,0.00900000,0.76578188,0.22378308,0.78947363
57.34599996,0.00676115,0.01182103,0.00800000,0.69542990,0.22970495,0.77656458
57.44599986,0.00601367,0.01116090,0.00800000,0.70989845,0.22483949,0.75789615
57.54600000,0.00758656,0.00746084,0.01000000,0.73348562,0.20738264,0.74149002
57.64599991,0.01260469,0.00460672,0.00800000,0.73377977,0.20755974,0.74254773
57.74599981,0.01043932,0.00264396,0.00500000,0.71445373,0.20842841,0.70092119
57.84599996,0.00190666,0.00424437,0.00400000,0.65465496,0.21251715,0.69777818
57.94599986,0.00330988,0.00283808,0.00300000,0.67636283,0.21660621,0.67506479
58.04600000,0.00548665,0.00038302,0.00400000,0.68565159,0.21900956,0.65605917
58.14599991,0.01078362,0.00225244,0.00200000,0.73383251,0.22106092,0.64885810
58.24599981,0.00967809,0.00363105,0.00500000,0.73578423,0.23024797,0.64480544
58.34599996,0.00950716,0.00544371,0.01100000,0.76771739,0.23615412,0.69869286
58.44599986,0.00807571,0.00644537,0.01400000,0.77242378,0.24058491,0.69580505
58.54699993,0.00570639,0.00129890,0.00400000,0.73622622,0.22844347,0.62311292
58.64699984,0.00527857,0.00373453,0.00300000,0.78662027,0.22466646,0.58886433
58.74699998,0.00795490,0.00755577,0.00700000,0.79920195,0.22790105,0.60446870
58.84699988,0.00598661,0.00809756,0.00910000,0.77817386,0.22202426,0.67108954
58.94699979,0.00865404,0.00901486,0.01000000,0.80202160,0.21910015,0.68257262
59.04699993,0.00986151,0.00913404,0.00800000,0.79037374,0.22173330,0.62131998
59.14699984,0.00755833,0.01059819,0.00800000,0.74967207,0.21886964,0.61822728
59.24699998,0.00695557,0.01064284,0.00900000,0.74119570,0.21656667,0.69461933
59.34699988,0.00140584,0.01163072,0.00100000,0.72495415,0.20526946,0.65071969
59.44699979,0.00283951,0.00922698,0.00300000,0.73030139,0.20043912,0.65301508
59.54699993,0.00452995,0.01051473,0.00810000,0.76238019,0.19984291,0.65698885
59.64699984,0.00443103,0.00911954,0.00710000,0.75872157,0.19564270,0.65183591
59.74699998,0.00613901,0.01070900,0.00910000,0.77662883,0.19648558,0.71435724
59.84799981,0.00658502,0.01428592,0.00510000,0.76504180,0.20197503,0.64917651
59.94799995,0.00852113,0.01776430,0.00710000,0.76093071,0.19782672,0.65493173
60.04799986,0.00755331,0.01983627,0.00800000,0.73701758,0.20228934,0.68514299
60.14800000,0.00782011,0.01931672,0.01200000,0.73165848,0.19769012,0.71127907
60.24799991,0.00955604,0.01539260,0.00910000,0.79782086,0.20352761,0.72443416
60.34799981,0.00756076,0.01262279,0.00900000,0.78538556,0.20241251,0.72555468
60.44799995,0.00644415,0.01991414,0.00900000,0.78704222,0.21018490,0.75137399
60.54799986,0.00627259,0.02493802,0.00500000,0.76585050,0.21449023,0.71592712
60.64800000,0.00385854,0.02489903,0.00300000,0.78942647,0.21397422,0.71679162
60.74799991,0.00644444,0.02442436,0.00500000,0.81307499,0.21428398,0.73422048
60.84799981,0.00731258,0.03288504,0.00600000,0.79927431,0.23845601,0.74668066
60.94799995,0.00776225,0.03946856,0.00910000,0.77415457,0.23666332,0.79997795
61.04899979,0.00601755,0.04199189,0.01200000,0.76293761,0.23691884,0.80714531
61.14899993,0.00435365,0.03208077,0.01900000,0.77352920,0.23031924,0.83260728
61.24899983,0.00596936,0.02776305,0.00810000,0.77318089,0.21347038,0.78711130
61.34899998,0.00378709,0.02810975,0.00400000,0.75036171,0.20333655,0.78120696
61.44899988,0.00550511,0.02238267,0.00300000,0.71606399,0.20444231,0.78185449
61.54899979,0.00751698,0.03156984,0.00300000,0.69877729,0.21696832,0.78475359
61.64899993,0.00895110,0.03217775,0.00300000,0.73981932,0.22833299,0.80185339
61.74899983,0.01167214,0.02638525,0.00100000,0.69819122,0.21670250,0.81152264
61.84899998,0.01301517,0.02248878,0.01000000,0.72851937,0.21344923,0.84270252
61.94899988,0.01080105,0.01953529,0.01200000,0.74715767,0.21085601,0.85115679
62.04899979,0.00936888,0.02384165,0.01700000,0.76772281,0.20849724,0.83945124
62.14899993,0.00660901,0.05087879,0.00490000,0.74994362,0.24477125,0.78757998
62.24899983,0.00807674,0.04577353,0.00200000,0.75100073,0.24841780,0.77428930
62.34999990,0.00842073,0.03422895,0.00100000,0.79868487,0.22596433,0.75909634
62.44999981,0.00762029,0.03428092,0.00100000,0.76471468,0.22844204,0.74113742
62.54999995,0.01185816,0.02859850,0.01990000,0.82440796,0.22724631,0.80519484
62.64999986,0.01249741,0.03827290,0.01900000,0.81703642,0.24250587,0.80572298
62.75000000,0.00987979,0.04876238,0.01190000,0.81088400,0.26650667,0.80036057
62.84999990,0.00849577,0.05015199,0.01090000,0.81114507,0.26424227,0.80095359
62.94999981,0.01095997,0.04908420,0.00900000,0.80309774,0.26300903,0.79837086
63.04999995,0.01066121,0.04429039,0.00290000,0.81037393,0.25599035,0.75701948
63.14999986,0.00908226,0.03827796,0.00690000,0.83201524,0.25525226,0.76429494
63.25000000,0.00645889,0.03313869,0.00800000,0.79211273,0.25824115,0.82411781
63.34999990,0.00481954,0.03525311,0.01000000,0.78951938,0.25736378,0.78945521
63.44999981,0.00419249,0.04170999,0.00890000,0.77465004,0.26276102,0.78833142
63.55099988,0.00379690,0.04273913,0.00590000,0.79852220,0.25937093,0.73190695
63.65099978,0.00547555,0.04201855,0.00190000,0.79939195,0.25639027,0.70149065
63.75099993,0.00217634,0.06531848,0.00090000,0.78682715,0.30464738,0.70311548
63.85099983,0.00839209,0.04180936,0.00510000,0.81088177,0.26100971,0.70481163
63.95099998,0.00666896,0.06103020,0.00290000,0.77814018,0.28939240,0.69446266
64.05099988,0.00797289,0.04414332,0.00390000,0.78862531,0.26828147,0.66773652
64.15099978,0.00713222,0.04630833,0.00600000,0.78172651,0.26829756,0.65602610
64.25099993,0.00357524,0.05900862,0.01010000,0.74614577,0.28107604,0.70409646
64.35099983,0.00437124,0.04821060,0.00400000,0.73979865,0.27544981,0.65646214
64.45099998,0.00250816,0.05432006,0.00400000,0.74909755,0.28940004,0.67416576
64.55099988,0.00755740,0.04918380,0.00210000,0.76476451,0.28010716,0.64473105
64.65099978,0.00526472,0.05075276,0.00510000,0.77985927,0.27183582,0.65319490
64.75099993,0.00258473,0.04610606,0.00300000,0.77562591,0.25007638,0.64183650
64.85200000,0.00296065,0.04512997,0.00200000,0.79082915,0.25413054,0.64224715
64.95199990,0.00427852,0.04512244,0.00000000,0.78207490,0.25739085,0.64610061
65.05199981,0.00493526,0.03774511,0.00000000,0.77785015,0.25400123,0.62414290
65.15199995,0.00819384,0.03335268,0.00710000,0.76127663,0.25343418,0.62873424
65.25199986,0.01069477,0.03531971,0.01010000,0.79497699,0.25039661,0.67324617
65.35200000,0.00988628,0.03745546,0.01300000,0.79994915,0.24581038,0.68640440
65.45199990,0.00861528,0.04026943,0.01000000,0.79557018,0.24254880,0.68816124
65.55199981,0.00521925,0.02249576,0.00700000,0.78669946,0.22912173,0.65341498
65.65199995,0.00067021,0.01789444,0.00110000,0.76757349,0.22530243,0.66094134
65.75199986,0.00405777,0.04274967,0.00990000,0.75784887,0.24533369,0.70801443
65.85200000,0.00637561,0.04649561,0.00890000,0.75595702,0.26097316,0.68805748
65.95199990,0.00570480,0.04834827,0.01190000,0.74006430,0.26627337,0.67848092
66.05199981,0.00904974,0.04834658,0.00490000,0.77501933,0.26703074,0.64154000
66.15299988,0.00975020,0.03755720,0.00010000,0.82738898,0.23500876,0.62287449
66.25299978,0.00756493,0.03801397,0.00210000,0.77607925,0.22755076,0.64084316
66.35299993,0.00585683,0.03900343,0.00000000,0.80365759,0.22089328,0.64484716
66.45299983,0.00307977,0.03603006,0.00400000,0.79863950,0.22422709,0.68067937
66.55299997,0.00422850,0.03448144,0.00210000,0.78372028,0.21825902,0.69215146
66.65299988,0.00391140,0.03405335,0.00010000,0.76971497,0.22592807,0.67477114
66.75299978,0.00514100,0.03470649,0.00500000,0.76948326,0.22288111,0.70979171
66.85299993,0.00595085,0.03173007,0.00490000,0.75383999,0.21004358,0.71629976
66.95299983,0.00605313,0.02842059,0.00800000,0.75940036,0.20780851,0.76527127
67.05299997,0.00792588,0.02940528,0.00990000,0.74953664,0.19871284,0.76249324
67.15299988,0.00844411,0.03103332,0.01600000,0.77611583,0.19460454,0.77200093
67.25299978,0.01042435,0.03162519,0.01290000,0.81529620,0.19779331,0.80640701
67.35399985,0.01180732,0.02788346,0.00800000,0.81017942,0.19635271,0.80416856
67.45400000,0.01162300,0.02776969,0.00900000,0.82039693,0.19723193,0.79975944
67.55399990,0.01253377,0.02790402,0.00010000,0.83498123,0.19581758,0.72718696
67.65399981,0.01233723,0.02818710,0.00100000,0.83638543,0.19143575,0.77388747
67.75399995,0.01342549,0.02672314,0.00400000,0.81908077,0.19086545,0.77140859
67.85399985,0.01285778,0.02668122,0.00500000,0.78261100,0.19039536,0.76625422
67.95400000,0.01037748,0.02225394,0.01400000,0.77367028,0.18882705,0.81437909
68.05399990,0.01041297,0.02223736,0.01100000,0.76475813,0.19039521,0.81026923
68.15399981,0.01074203,0.02262761,0.01000000,0.72442905,0.19454479,0.81584883
68.25399995,0.01079155,0.02260404,0.01200000,0.73085872,0.20366000,0.82283426
68.35399985,0.01280378,0.02714117,0.00800000,0.72934460,0.21326140,0.79153316
68.45400000,0.01169794,0.02366027,0.00200000,0.71171852,0.21350924,0.72943188
68.55399990,0.01170715,0.02340604,0.00400000,0.66420930,0.21308377,0.71775716
68.65499997,0.01166106,0.02134572,0.00200000,0.67480660,0.21150445,0.71080408
68.75499988,0.01229377,0.02038782,0.00700000,0.68925661,0.21070802,0.70127171
68.85499978,0.01193350,0.02059737,0.00790000,0.70591574,0.20794756,0.75258694
68.95499992,0.00540648,0.02259845,0.00400000,0.67169558,0.22035903,0.71841002
69.05499983,0.00608364,0.01854075,0.00800000,0.70785875,0.21772494,0.77806881
69.15499997,0.00694450,0.01706382,0.00900000,0.67662712,0.21132646,0.76512786
69.25499988,0.00652670,0.01751263,0.00900000,0.69017987,0.21354432,0.76157025
69.35499978,0.00429939,0.01994430,0.00700000,0.67529459,0.22312908,0.72098782
69.45499992,0.00401912,0.02232726,0.00910000,0.62939108,0.23338375,0.72982082
69.55499983,0.00416864,0.02439411,0.00700000,0.63990350,0.23768710,0.68909542
69.65499997,0.00563475,0.02326391,0.00800000,0.65684827,0.24097128,0.69674893
69.75499988,0.01671854,0.01864244,0.00410000,0.66387468,0.22396578,0.62851925
69.85599995,0.01743046,0.02036613,0.00210000,0.68616171,0.23224228,0.60439094
69.95599985,0.01712631,0.02078436,0.00100000,0.71204183,0.23516214,0.62874189
70.05599999,0.01803817,0.02351647,0.00000000,0.71998195,0.25341666,0.62817531
70.15599990,0.01559544,0.01996477,0.00500000,0.71238925,0.24734310,0.64116817
70.25599980,0.01837344,0.01676504,0.00200000,0.71030640,0.24542749,0.64607881
70.35599995,0.02329446,0.01250073,0.00900000,0.79825678,0.24754761,0.68914787
70.45599985,0.02428100,0.01442334,0.00800000,0.81801259,0.25795235,0.68262939
70.55599999,0.02669373,0.01315844,0.00410000,0.84663263,0.25796054,0.62173454
70.65599990,0.03403491,0.00959555,0.00000000,0.83530712,0.25581315,0.64896521
70.75599980,0.03358487,0.00750841,0.00100000,0.83261807,0.26153997,0.63870657
70.85599995,0.03002596,0.00322675,0.00200000,0.82841704,0.25925213,0.63220893
70.95599985,0.02994938,0.00266165,0.00100000,0.79828015,0.25631032,0.62433558
71.05599999,0.03029042,0.00307741,0.00500000,0.82510565,0.25108832,0.62054295
71.15699983,0.03285025,0.00105889,0.00400000,0.82388948,0.26103509,0.62691782
71.25699997,0.03572462,0.00003602,0.00400000,0.86000580,0.24987751,0.62875378
71.35699987,0.03600688,0.00559950,0.00900000,0.86359274,0.25016137,0.66062599
71.45700002,0.03282855,0.00833884,0.01000000,0.85387720,0.25262692,0.67877219
71.55699992,0.02422874,0.00728068,0.00790000,0.89984148,0.24968160,0.69425752
71.65699983,0.02684406,0.00882590,0.00900000,0.93825475,0.25654878,0.69557024
71.75699997,0.02813100,0.00963569,0.01100000,0.93356004,0.25244567,0.71709208
71.85699987,0.03079176,0.01094566,0.00500000,0.93702788,0.24970698,0.67036780
71.95700002,0.03406662,0.01385768,0.00400000,0.91336921,0.25382142,0.68216470
72.05699992,0.02961637,0.01076617,0.00100000,0.91438129,0.24526297,0.64416178
72.15699983,0.03125048,0.01316312,0.00400000,0.88018816,0.24720676,0.64431797
72.25699997,0.02805579,0.01241139,0.00110000,0.89053307,0.24948415,0.64186323
72.35799980,0.02820292,0.01303440,0.00400000,0.85317231,0.24886843,0.62590362
72.45799994,0.02402478,0.01451724,0.00010000,0.83936109,0.24454622,0.63249203
72.55799985,0.02226030,0.01631745,0.00300000,0.80767540,0.23871381,0.62314710
72.65799999,0.02471345,0.01736363,0.00290000,0.83107025,0.23863862,0.64302064
72.75799990,0.02614999,0.01947891,0.00100000,0.84184185,0.25089814,0.64198365
72.85799980,0.02692263,0.01948903,0.00110000,0.83105185,0.25365885,0.68573914
72.95799994,0.02285403,0.01345114,0.00500000,0.78289516,0.23349073,0.73612051
73.05799985,0.01940085,0.01255456,0.00800000,0.77064506,0.23472694,0.71069503
73.15799999,0.02002406,0.01381076,0.00790000,0.76633334,0.23067304,0.70302731
73.25799990,0.01493617,0.01815271,0.00500000,0.79503619,0.23515938,0.70534696
73.35799980,0.01447658,0.01791895,0.00500000,0.79705049,0.23603235,0.72191782
73.45799994,0.01331535,0.01698798,0.00600000,0.78915386,0.21968461,0.72540528
73.55799985,0.01244925,0.01686376,0.00500000,0.77335594,0.20950860,0.72993896
73.65899992,0.01046726,0.01364868,0.00600000,0.73550536,0.21292587,0.76400378
73.75899982,0.00979373,0.01393459,0.00600000,0.75248426,0.20809867,0.74622016
73.85899997,0.01177418,0.01828903,0.00600000,0.76133357,0.20977117,0.73686927
73.95899987,0.01336171,0.01962434,0.00600000,0.76928154,0.20966391,0.74881124
74.05900002,0.01509263,0.01643601,0.00800000,0.79584493,0.21302177,0.75129336
74.15899992,0.01538727,0.01705848,0.00800000,0.75519075,0.22124639,0.75698530
74.25899982,0.01571720,0.01158144,0.00800000,0.75908734,0.19198323,0.76829332
74.35899997,0.01140476,0.01625735,0.01500000,0.71945682,0.19499542,0.80151393
74.45899987,0.01203052,0.02120181,0.01500000,0.74060356,0.19712894,0.80993549
74.55900002,0.01231174,0.02446203,0.01290000,0.75628710,0.19988706,0.82140919
74.65899992,0.01211274,0.02564569,0.01100000,0.70632867,0.20615522,0.83350703
74.75899982,0.00966564,0.02572441,0.01190000,0.67909649,0.20608541,0.85842988
74.85899997,0.00863197,0.02354696,0.01300000,0.68990794,0.20927706,0.83467305
74.95999980,0.00598179,0.02324819,0.01290000,0.68911622,0.20863576,0.82540718
75.05999994,0.00714229,0.02107505,0.01200000,0.70130133,0.20602031,0.84136714
75.15999985,0.00712578,0.02336072,0.01100000,0.73129429,0.20447039,0.86561014
75.25999999,0.00753089,0.02422572,0.01000000,0.73804024,0.20043932,0.84473937
75.35999990,0.01484726,0.02308720,0.01390000,0.78956023,0.19386798,0.90018525
75.45999980,0.01341489,0.02664659,0.01390000,0.80855214,0.20301897,0.94308759
75.55999994,0.01101119,0.02576963,0.01190000,0.79380838,0.21032388,0.95670814
75.65999985,0.00958469,0.02143301,0.00790000,0.79419845,0.21446223,0.91367104
75.75999999,0.00872960,0.02167773,0.00790000,0.80197537,0.21829438,0.93444622
75.85999990,0.01044997,0.02165844,0.00590000,0.80289816,0.21883910,0.92759059
75.95999980,0.00929003,0.01902250,0.00790000,0.82260047,0.20990780,0.92180840
76.05999994,0.00744511,0.01824007,0.00790000,0.80060074,0.21149955,0.90005301
76.16100001,0.00380160,0.04736610,0.00700000,0.78855273,0.24747047,0.91288925
76.26099992,0.00497947,0.04454228,0.00200000,0.79203032,0.25890324,0.88866966
76.36099982,0.00613453,0.02513916,0.00190000,0.80111913,0.22535213,0.88341214
76.46099997,0.00071041,0.04716095,0.01010000,0.78155866,0.26393674,0.87441082
76.56099987,0.00097578,0.01887718,0.01700000,0.77328086,0.24380479,0.93906110
76.66100001,0.00180410,0.04992840,0.01710000,0.79210352,0.28678001,0.93851303
76.76099992,0.00504189,0.04331085,0.01110000,0.80455031,0.27606604,0.86177061
76.86099982,0.00866473,0.02831912,0.00790000,0.78541046,0.24818251,0.88682839
76.96099997,0.00196171,0.04028215,0.00900000,0.74552351,0.27340610,0.85159982
77.06099987,0.00084023,0.02678571,0.00900000,0.74485389,0.25533095,0.83999740
77.16100001,0.00418428,0.04214489,0.00910000,0.75809912,0.27739271,0.85964031
77.26099992,0.00042106,0.04486226,0.00610000,0.73724310,0.27845127,0.86489823
77.36099982,0.00754750,0.02152127,0.00790000,0.72687429,0.25955224,0.85505570
77.46199989,0.00747192,0.04076592,0.01310000,0.74424051,0.29434459,0.93457692
77.56199980,0.00579375,0.04527077,0.01310000,0.72983545,0.29541739,0.97188305
77.66199994,0.00460527,0.04420239,0.01000000,0.71676312,0.29127065,0.92243113
77.76199985,0.00505491,0.04117060,0.00700000,0.72518486,0.29248051,0.90504730
77.86199999,0.00488453,0.04082636,0.00510000,0.72485161,0.29249290,0.87139778
77.96199989,0.00984131,0.04036581,0.01000000,0.73259462,0.29708563,0.87530282
78.06199980,0.00485266,0.04284101,0.01710000,0.72579172,0.30753146,0.93049141
78.16199994,0.00267895,0.04735127,0.01810000,0.71391630,0.31573550,0.90985446
78.26199985,0.00294736,0.04432745,0.01500000,0.69710801,0.31287242,0.89646075
78.36199999,0.00882171,0.03775748,0.00200000,0.70187864,0.30823589,0.80560622
78.46199989,0.00649549,0.04161621,0.00710000,0.70701686,0.30900940,0.77818687
78.56199980,0.00490498,0.04618334,0.02610000,0.71550197,0.31208901,0.82132500
78.66299987,0.00913960,0.04394915,0.02310000,0.70016217,0.30395928,0.81015526
78.76300001,0.01532744,0.04125615,0.01210000,0.76357488,0.29704866,0.79673403
78.86299992,0.01966332,0.04341110,0.01210000,0.77734866,0.29177786,0.77882174
78.96299982,0.00455800,0.03138988,0.02110000,0.71573003,0.26924084,0.77608541
79.06299996,0.00101778,0.03115516,0.01400000,0.70785233,0.27352458,0.77466008
79.16299987,0.00016203,0.03514290,0.00510000,0.72246852,0.27385020,0.72223099
79.26300001,0.00009485,0.03663047,0.00400000,0.72660769,0.29248328,0.69661563
79.36299992,0.01551713,0.02881785,0.00500000,0.69631159,0.25898525,0.72440082
79.46299982,0.00469720,0.02770914,0.00000000,0.65923198,0.25407260,0.72895717
79.56299996,0.00857233,0.02701509,0.00700000,0.68317109,0.24089921,0.72906749
79.66299987,0.00224261,0.02637462,0.00410000,0.65314690,0.23896454,0.72673565
79.76300001,0.00861492,0.02174910,0.00500000,0.66500341,0.24625165,0.71422876
79.86299992,0.00945963,0.02383391,0.00200000,0.65025410,0.24015211,0.71895378
79.96399999,0.00605507,0.01906243,0.00200000,0.66207636,0.22365690,0.67789378
80.06399989,0.00285366,0.03057559,0.00910000,0.69140700,0.23146931,0.71899396
80.16399980,0.01044296,0.03451007,0.01210000,0.70136817,0.24420180,0.77772998
80.26399994,0.01810947,0.03369580,0.01200000,0.69012505,0.24591294,0.78328320
80.36399984,0.02208826,0.03413223,0.01200000,0.69733021,0.24102720,0.76442580
80.46399999,0.01685331,0.02965225,0.00700000,0.71682777,0.22154927,0.72232401
80.56399989,0.00850112,0.02113365,0.01010000,0.72059357,0.21951162,0.75034936
80.66399980,0.02143427,0.02138369,0.00800000,0.73154639,0.21909174,0.67844473
80.76399994,0.02992419,0.02091202,0.00510000,0.77968492,0.22182245,0.69205485
80.86399984,0.03395048,0.02154194,0.00510000,0.78331060,0.21646486,0.70946988
80.96399999,0.02256119,0.02571698,0.00610000,0.73313257,0.21819764,0.71422153
81.06399989,0.02370291,0.01494898,0.00510000,0.71757215,0.20260181,0.70626430
81.16499996,0.03045492,0.00634885,0.00000000,0.73889475,0.19441752,0.70080462
81.26499987,0.03214053,0.00527885,0.00190000,0.74982493,0.19301317,0.69771592
81.36500001,0.03748119,0.00582157,0.00000000,0.74059927,0.19601295,0.70955291
81.46499991,0.03095905,0.01194561,0.01500000,0.70399178,0.20290078,0.76580820
81.56499982,0.02237375,0.01458168,0.01310000,0.68714757,0.20605766,0.82103114
81.66499996,0.02242461,0.01230029,0.00810000,0.68876432,0.20494365,0.77100483
81.76499987,0.02705553,0.01071301,0.00200000,0.67165673,0.20082434,0.76881944
81.86500001,0.03679364,0.00080486,0.00100000,0.73390340,0.19003964,0.76769071
81.96499991,0.04003624,0.00628483,0.00410000,0.73762409,0.20473672,0.76980055
82.06499982,0.03681471,0.00773029,0.00600000,0.69557609,0.20033617,0.78667161
82.16499996,0.03215341,0.00491714,0.01100000,0.63755147,0.19735637,0.84486674
82.26499987,0.03665310,0.00713933,0.01110000,0.60437460,0.19657931,0.82632600
82.36500001,0.03777211,0.00369162,0.00610000,0.61422297,0.18948573,0.80823501
82.46599984,0.03617964,0.00671070,0.00810000,0.64706761,0.19318418,0.79417735
82.56599998,0.04224052,0.01092284,0.00400000,0.72114767,0.20631758,0.76000941
82.66599989,0.04839478,0.01469270,0.00300000,0.71365118,0.21017245,0.78159174
82.76599979,0.03922916,0.01713835,0.00700000,0.67908443,0.20290637,0.75885083
82.86599994,0.04542532,0.02197341,0.00310000,0.72048807,0.20069087,0.77165636
82.96599984,0.04399366,0.01557491,0.01200000,0.73087872,0.20665683,0.80445772
83.06599998,0.05041872,0.02040987,0.01210000,0.72050957,0.22248397,0.82734312
83.16599989,0.05469396,0.02034454,0.00600000,0.69717686,0.22292593,0.76797663
83.26599979,0.04161917,0.02792319,0.00100000,0.64866104,0.22856133,0.73483167
83.36599994,0.04624410,0.03331987,0.00190000,0.70068369,0.23470341,0.70673474
83.46599984,0.03858328,0.03580713,0.00390000,0.66871258,0.23747442,0.73199085
83.56599998,0.04095119,0.03543459,0.00300000,0.64908943,0.24199484,0.72786011
83.66699982,0.04600347,0.03359078,0.00400000,0.69297335,0.23818155,0.73279059
83.76699996,0.04383028,0.03944701,0.01000000,0.65427602,0.24662114,0.77538975
83.86699986,0.03789453,0.04111271,0.01090000,0.65069616,0.25455748,0.77215335
83.96700001,0.03370683,0.04287598,0.01500000,0.64922196,0.26073761,0.76337746
84.06699991,0.03682526,0.04584081,0.01890000,0.64933099,0.27051262,0.77878428
84.16699982,0.04440926,0.04817746,0.01500000,0.64615506,0.28904276,0.76868520
84.26699996,0.03871502,0.04396985,0.01200000,0.66085344,0.25710200,0.74032407
84.36699986,0.04570108,0.05478377,0.01290000,0.69631980,0.27272991,0.74129969
84.46700001,0.04101963,0.04918486,0.00400000,0.64724168,0.25303121,0.69167805
84.56699991,0.04653719,0.04559046,0.01490000,0.68259820,0.25081908,0.75007183
84.66699982,0.04677028,0.05765884,0.01090000,0.66653976,0.28276564,0.72406786
84.76699996,0.04964210,0.06709383,0.00200000,0.67637380,0.29016837,0.66615141
84.86699986,0.05555349,0.07729075,0.00490000,0.70475419,0.30959439,0.66155874
84.96799994,0.04505885,0.07446140,0.01590000,0.67749679,0.30752440,0.72710138
85.06799984,0.03233828,0.04920941,0.02100000,0.61605607,0.26163249,0.72609139
85.16799998,0.04227292,0.04605225,0.01500000,0.64456885,0.26395317,0.71661039
85.26799989,0.04299671,0.04959771,0.00790000,0.65266247,0.25888140,0.65131015
85.36799979,0.03057378,0.05503939,0.00290000,0.65895024,0.26733321,0.65453548
85.46799994,0.03424565,0.06229571,0.00490000,0.64400835,0.27006959,0.64029983
85.56799984,0.02606939,0.05834927,0.00390000,0.63093101,0.27026579,0.63870067
85.66799998,0.03041529,0.05804025,0.00210000,0.61677537,0.26681156,0.65542655
85.76799989,0.02817965,0.06232325,0.00390000,0.60152344,0.27138100,0.65411699
85.86799979,0.03241967,0.07066105,0.00490000,0.59888813,0.29219821,0.66760605
85.96799994,0.02659657,0.05838555,0.00300000,0.56973630,0.27008927,0.66159379
86.06799984,0.03777830,0.05763419,0.00210000,0.58088838,0.25750937,0.66097782
86.16799998,0.03802720,0.05811456,0.00300000,0.59345415,0.26194462,0.64672628
86.26899981,0.04371961,0.06558579,0.00100000,0.67184912,0.27481583,0.65583203
86.36899996,0.03293259,0.06031761,0.00200000,0.61899835,0.26651634,0.69013629
86.46899986,0.02912281,0.05782380,0.00400000,0.63221944,0.25999077,0.70672065
86.56900001,0.02611330,0.05933924,0.00100000,0.61764149,0.26460129,0.66436872
86.66899991,0.02744836,0.05913271,0.00400000,0.64761658,0.25997462,0.63093779
86.76899981,0.03272633,0.06214368,0.00800000,0.67598643,0.26052005,0.62264411
86.86899996,0.03129808,0.06289261,0.01210000,0.66187418,0.25922092,0.68730911
86.96899986,0.02566581,0.06301624,0.01000000,0.66490275,0.25766514,0.67150507
87.06900001,0.02321115,0.06068849,0.00500000,0.66390006,0.25494694,0.62454743
87.16899991,0.02600466,0.06329145,0.00400000,0.65000021,0.25577143,0.63333475
87.26899981,0.02676265,0.06945395,0.00200000,0.68465371,0.25571483,0.62800242
87.36899996,0.02125993,0.07256153,0.00600000,0.69859177,0.27914158,0.65696076
87.46999979,0.01836382,0.06988719,0.00400000,0.73573824,0.27406834,0.64955108
87.56999993,0.02145335,0.06758886,0.00200000,0.75913511,0.26121113,0.67023758
87.66999984,0.02480843,0.07466794,0.00000000,0.77841310,0.28138670,0.66303219
87.76999998,0.02402112,0.07662471,0.00400000,0.78824384,0.28068672,0.67194551
87.86999989,0.02442294,0.08396648,0.00400000,0.75582869,0.27986594,0.67153377
87.96999979,0.03129698,0.07329651,0.00100000,0.81576316,0.26428922,0.66528166
88.06999993,0.03529432,0.08037811,0.00190000,0.82417427,0.27117873,0.66732000
88.16999984,0.03010093,0.07206257,0.00910000,0.83585908,0.27533025,0.73177927
88.26999998,0.02294215,0.07164766,0.01300000,0.79502622,0.26605288,0.73020923
88.36999989,0.02682642,0.07743218,0.01300000,0.84047207,0.27851942,0.73222444
88.46999979,0.02770133,0.07719700,0.01200000,0.85185217,0.27964573,0.71616639
88.56999993,0.03090151,0.08358706,0.00500000,0.85922742,0.29263664,0.65359629
88.66999984,0.02348004,0.08076545,0.00100000,0.86845011,0.29478304,0.65348240
88.77099991,0.01349300,0.02780034,0.00500000,0.80306770,0.23428113,0.65325055
88.87099981,0.01791025,0.07898173,0.00200000,0.80177695,0.30316188,0.63890146
88.97099996,0.01352783,0.01953965,0.01100000,0.80318370,0.24258110,0.68855957
89.07099986,0.01390704,0.08456556,0.01100000,0.84226190,0.30746189,0.67212954
89.17100000,0.00543622,0.02435832,0.01010000,0.85435927,0.24909649,0.69942421
89.27099991,0.01114403,0.02161783,0.00900000,0.87602497,0.24660733,0.71830149
89.37099981,0.02174293,0.08058340,0.00200000,0.92203679,0.30695615,0.66836792
89.47099996,0.01299390,0.02071059,0.00410000,0.86952878,0.24331875,0.66258901
89.57099986,0.00891589,0.07786499,0.00100000,0.86486114,0.30629287,0.65980531
89.67100000,0.01073381,0.02192682,0.00100000,0.90531066,0.24074517,0.68653435
89.77099991,0.01077218,0.02313094,0.00710000,0.90356410,0.23647681,0.72484046
89.87099981,0.00801618,0.08183710,0.00500000,0.90433859,0.30365089,0.73598599
89.97099996,0.00963807,0.01503023,0.00200000,0.91910521,0.23961011,0.72352956
90.07099986,0.01128418,0.09124164,0.00100000,0.92961233,0.31893817,0.71684926
90.17100000,0.00982766,0.01322373,0.00400000,0.93193017,0.21953207,0.72709591
90.27199984,0.00136087,0.01577967,0.00600000,0.92828067,0.22018279,0.70727188
90.37199998,0.00006096,0.01657457,0.00700000,0.90359170,0.21936961,0.71388873
90.47199988,0.00257002,0.01252018,0.01700000,0.89976743,0.21370578,0.76959331
90.57199979,0.00012452,0.01195134,0.02000000,0.85751002,0.21687310,0.79677061
90.67199993,0.00176795,0.01310932,0.01700000,0.85293851,0.22004098,0.78582818
90.77199984,0.00000378,0.00808950,0.01200000,0.83464844,0.21753512,0.76919182
90.87199998,0.00018106,0.01200572,0.00500000,0.84547175,0.22025503,0.71708930
90.97199988,0.00152989,0.01003740,0.01000000,0.86573043,0.22826714,0.76252998
91.07199979,0.00175295,0.00784775,0.00900000,0.85799358,0.22449306,0.78127543
91.17199993,0.00595309,0.01151393,0.00400000,0.87760157,0.22215040,0.71902324
91.27300000,0.01127983,0.01311737,0.00100000,0.91516659,0.21476702,0.69787421
91.37299991,0.01764893,0.01113038,0.00390000,0.92495807,0.23204702,0.69775546
91.47299981,0.01344285,0.00817006,0.00600000,0.91996604,0.22606580,0.67177102
91.57299995,0.01468930,0.00319757,0.00500000,0.90538100,0.22191744,0.68980885
91.67299986,0.01549505,0.00999517,0.00300000,0.89156486,0.22056660,0.72276126
91.77300000,0.01344528,0.00474493,0.00590000,0.89702974,0.20424308,0.73411057
91.87299991,0.01385413,0.00268942,0.00500000,0.92003034,0.19533123,0.74572801
91.97299981,0.01312302,0.00016270,0.00500000,0.94644265,0.18775116,0.76929619
92.07299995,0.01423582,0.00216826,0.00000000,0.94109765,0.17867803,0.76676371
92.17299986,0.00910898,0.00129477,0.00410000,0.91441271,0.18292066,0.77942860
92.27300000,0.01118382,0.00232642,0.00500000,0.90363256,0.17501411,0.74899716
92.37299991,0.00916813,0.00627020,0.01200000,0.87966442,0.17790575,0.78903518
92.47299981,0.01003161,0.00724547,0.01310000,0.85329169,0.16977363,0.79711988
92.57399988,0.01035436,0.00860275,0.01000000,0.86395155,0.17151088,0.81640704
92.67399979,0.00868992,0.01604790,0.01100000,0.82143344,0.17832771,0.80943931
92.77399993,0.00274182,0.00200060,0.01000000,0.72515673,0.16564589,0.81537031
92.87399983,0.00140269,0.00527944,0.00890000,0.70325085,0.17223236,0.79211151
92.97399998,0.00329163,0.00871408,0.00600000,0.68795901,0.17650167,0.74894877
93.07399988,0.00210662,0.01106174,0.00900000,0.65811271,0.16867312,0.80453008
93.17399979,0.00072578,0.00760547,0.01400000,0.62690453,0.18310644,0.79897050
93.27399993,0.00339577,0.00347689,0.01100000,0.62420736,0.18119120,0.79595216
93.37399983,0.00156370,0.00035332,0.00300000,0.63729944,0.18420335,0.76806145
93.47399998,0.00147854,0.00459825,0.00300000,0.64106636,0.19251834,0.78586578
93.57399988,0.00747651,0.01153741,0.01500000,0.64712898,0.20444923,0.85506003
93.67399979,0.00280352,0.01372553,0.01100000,0.67285547,0.21023352,0.84639938
93.77399993,0.00159108,0.01839235,0.00100000,0.66038069,0.21027393,0.78104548
93.87500000,0.00831500,0.01724850,0.00500000,0.66487320,0.21203742,0.81497486
93.97499990,0.00680583,0.02074803,0.00200000,0.67657198,0.21991278,0.80992227
94.07499981,0.00563486,0.03089172,0.00100000,0.66485372,0.23635151,0.82614628
94.17499995,0.00221748,0.02428112,0.00100000,0.64454121,0.23683420,0.79526623
94.27499986,0.00190684,0.02583281,0.00000000,0.61415057,0.24495303,0.81517773
94.37500000,0.00836960,0.02508944,0.01200000,0.60968796,0.25236296,0.88902770
94.47499990,0.01144332,0.02252000,0.00300000,0.63888639,0.22572533,0.82736064
94.57499981,0.00919208,0.02457653,0.00610000,0.60850465,0.23852312,0.85120190
94.67499995,0.00374935,0.01850952,0.00700000,0.61050535,0.21967549,0.84543579
94.77499986,0.00496933,0.00841640,0.01600000,0.63482827,0.21172709,0.91043618
94.87500000,0.00444238,0.01023891,0.01000000,0.61246681,0.21629648,0.86381921
94.97499990,0.00092676,0.02469233,0.00400000,0.60885312,0.23808516,0.85840465
95.07499981,0.00001005,0.02969208,0.00300000,0.57050057,0.25181741,0.84404890
95.17599988,0.01478971,0.03215470,0.01200000,0.62901510,0.25963843,0.90043898
95.27599978,0.02296399,0.03054088,0.01300000,0.64504503,0.25388184,0.88677555
95.37599993,0.02259602,0.02087486,0.00900000,0.63208561,0.23500740,0.85541499
95.47599983,0.00899646,0.02018895,0.00500000,0.58338408,0.23503028,0.85196980
95.57599998,0.00017436,0.02289759,0.00400000,0.60797406,0.24507937,0.81841437
95.67599988,0.00058220,0.02767383,0.00500000,0.57657247,0.25046725,0.79985986
95.77599978,0.00207663,0.02767630,0.00700000,0.60693051,0.24796496,0.82354390
95.87599993,0.00456630,0.03005726,0.00500000,0.61595964,0.24597647,0.81924333
95.97599983,0.01428710,0.03347012,0.00200000,0.67999715,0.26105192,0.85232014
96.07599998,0.01583322,0.04057781,0.00200000,0.68113073,0.26539366,0.85162123
96.17599988,0.03000231,0.03380105,0.02000000,0.72772989,0.26162922,0.89563936
96.27599978,0.02271307,0.03255405,0.02000000,0.73422295,0.25404740,0.91790211
96.37599993,0.01093549,0.03545864,0.01200000,0.74319681,0.24779089,0.86310365
96.47700000,0.01023527,0.03739905,0.00900000,0.69391902,0.24107628,0.83011858
96.57699990,0.01437002,0.03649798,0.01300000,0.75492170,0.23259656,0.80710770
96.67699981,0.01809332,0.03555041,0.01700000,0.75021201,0.23335943,0.83949244
96.77699995,0.01387014,0.03612962,0.01500000,0.71105664,0.22876291,0.82434353
96.87699986,0.01351021,0.03294229,0.01100000,0.71436478,0.21894167,0.78319050
96.97700000,0.01364147,0.03169858,0.00400000,0.72385158,0.20755765,0.76379254
97.07699990,0.01259220,0.03136936,0.00500000,0.70229688,0.19977463,0.76315191
97.17699981,0.01389237,0.03419214,0.00900000,0.70242918,0.19301480,0.75501784
97.27699995,0.00969037,0.03485365,0.00900000,0.68762952,0.18636921,0.78205607
97.37699986,0.01038062,0.03338896,0.01400000,0.66436211,0.17969818,0.75343947
97.47700000,0.00647331,0.03357940,0.01500000,0.67497254,0.18037309,0.73677764
97.57699990,0.00939862,0.03248563,0.01800000,0.68411717,0.18302943,0.79032432
97.67699981,0.01383039,0.03339971,0.01600000,0.71839533,0.18779565,0.73036281
97.77799988,0.01294965,0.03072599,0.01300000,0.73211472,0.18539922,0.73143808
97.87799978,0.01409669,0.03362519,0.01500000,0.72859852,0.19643404,0.71725811
97.97799993,0.00747180,0.03032016,0.00900000,0.67907392,0.19844889,0.68629092
98.07799983,0.00255593,0.03010461,0.01700000,0.66831198,0.19343937,0.72924369
98.17799997,0.00013174,0.03081303,0.02200000,0.72239988,0.19838447,0.72090446
98.27799988,0.00619280,0.03057612,0.02090000,0.71574575,0.19555125,0.72547839
98.37799978,0.01092537,0.03279141,0.01800000,0.77615461,0.19832991,0.73416691
98.47799993,0.00623730,0.03213341,0.02000000,0.72916709,0.19734050,0.72558310
98.57799983,0.00669366,0.02730650,0.01900000,0.72795442,0.19493308,0.72325325
98.67799997,0.00741878,0.02257126,0.01600000,0.67401753,0.19913554,0.70224051
98.77799988,0.01129600,0.02431626,0.02200000,0.74628471,0.19894275,0.76871331
98.87799978,0.00945654,0.02512576,0.02300000,0.70273914,0.20387534,0.76445196
98.97899985,0.00536115,0.03398909,0.03400000,0.71417184,0.21358937,0.76163778
99.07900000,0.00165215,0.03537683,0.02200000,0.70528252,0.21109068,0.75853117
99.17899990,0.00405958,0.03315086,0.02100000,0.70415102,0.21165524,0.75802812
99.27899981,0.00208005,0.02831702,0.01800000,0.71719786,0.20723447,0.75441601
99.37899995,0.00470135,0.02655103,0.01300000,0.71898082,0.20947455,0.74732196
99.47899985,0.00949079,0.02830715,0.01800000,0.71956589,0.21539027,0.73996350
99.57900000,0.00984747,0.02856549,0.02300000,0.70866722,0.21880257,0.79180865
99.67899990,0.00790679,0.03036647,0.02300000,0.71866055,0.22346674,0.79159136
99.77899981,0.00748996,0.03352477,0.02100000,0.71851379,0.22573320,0.78785561
99.87899995,0.00722047,0.03427353,0.01600000,0.74172331,0.23032421,0.75585901
99.97899985,0.00621835,0.03688607,0.01400000,0.75809436,0.23081488,0.71923612
100.07900000,0.01047511,0.04049138,0.00200000,0.80393152,0.24612493,0.71511205
100.17899990,0.00507858,0.04131692,0.01100000,0.75533060,0.25095300,0.70483027
100.27999997,0.00374753,0.03722319,0.01500000,0.73642727,0.25571242,0.71696707
100.37999988,0.00492291,0.03043066,0.01900000,0.72045120,0.25259068,0.71605767
100.47999978,0.00446248,0.03295734,0.01700000,0.74602681,0.26159606,0.73079332
100.57999992,0.00151413,0.03714239,0.01490000,0.74065656,0.26916339,0.71526705
100.67999983,0.00547376,0.03878515,0.01000000,0.75582220,0.26912273,0.70513536
100.77999997,0.00664696,0.03684383,0.00800000,0.77873212,0.27071908,0.72817885
100.87999988,0.00803034,0.03238462,0.01000000,0.75605184,0.27106398,0.72824689
100.97999978,0.00551345,0.03105224,0.01400000,0.75488582,0.26249216,0.72427465
101.07999992,0.00830103,0.03072170,0.01500000,0.78710087,0.25697135,0.74373940
101.17999983,0.00674734,0.03476541,0.02500000,0.77557364,0.25808537,0.79531187
101.27999997,0.00503314,0.04072306,0.02400000,0.72990595,0.27838022,0.80546461
101.37999988,0.00553188,0.04312596,0.01600000,0.74940187,0.27935062,0.75308639
101.47999978,0.01078282,0.03846233,0.00900000,0.79322427,0.25463254,0.74695807
101.58099985,0.00922548,0.03999076,0.00800000,0.75192729,0.27330293,0.74962463
101.68099999,0.01403898,0.04483968,0.01300000,0.80067730,0.27577094,0.75870633
101.78099990,0.01633423,0.04075994,0.01300000,0.84599972,0.26224330,0.76175977
101.88099980,0.01649746,0.04265259,0.01200000,0.82136076,0.26397236,0.74043476
101.98099995,0.01698651,0.02298474,0.01200000,0.79328447,0.23856003,0.74677576
102.08099985,0.00168470,0.04550782,0.01400000,0.73818879,0.27487843,0.75857437
102.18099999,0.01187642,0.03235862,0.01800000,0.78148796,0.25309657,0.77610829
102.28099990,0.00437247,0.04364323,0.02200000,0.74663523,0.27943042,0.77251524
102.38099980,0.00625521,0.04368206,0.02290000,0.71569324,0.27496608,0.73429223
102.48099995,0.01023657,0.03263285,0.02000000,0.75532946,0.24847722,0.76716995
102.58099985,0.00950150,0.03644395,0.01900000,0.70692240,0.26991234,0.78145732
102.68099999,0.00861270,0.04193210,0.02200000,0.69468280,0.27231201,0.79299346
102.78099990,0.00383296,0.03494279,0.02000000,0.66691490,0.27423238,0.81623215
102.88199997,0.00190918,0.03743468,0.02010000,0.67132898,0.27443034,0.81946088
102.98199987,0.00307264,0.03523065,0.01610000,0.69713131,0.27225614,0.80399925
103.08200002,0.00181061,0.03783294,0.01100000,0.69827669,0.27414850,0.77558472
103.18199992,0.00064267,0.03963631,0.00200000,0.69681371,0.27114443,0.76466857
103.28199983,0.00355274,0.04051849,0.00300000,0.67234958,0.26975276,0.75932202
103.38199997,0.00938413,0.03993542,0.00200000,0.74828332,0.27313875,0.74602091
103.48199987,0.01226471,0.03439966,0.00400000,0.72748309,0.26481163,0.74143536
103.58200002,0.01292320,0.03376819,0.00800000,0.73679087,0.25397414,0.76165736
103.68199992,0.00888895,0.02500333,0.00200000,0.66805466,0.22687093,0.78126245
103.78199983,0.01217424,0.02358469,0.00200000,0.72976272,0.22721019,0.78209466
103.88199997,0.01116467,0.02249111,0.00300000,0.70251214,0.22656315,0.80075941
103.98199987,0.01261072,0.01977321,0.00300000,0.71233798,0.21596314,0.81115315
104.08299994,0.01310277,0.01731148,0.00100000,0.72367227,0.22259920,0.81593643
104.18299985,0.00739434,0.01763558,0.00600000,0.65465059,0.22754503,0.82910866
104.28299999,0.00735402,0.01661470,0.00500000,0.68272413,0.22587001,0.83131866
104.38299990,0.00886760,0.01471753,0.00410000,0.70701949,0.22252491,0.81309402
104.48299980,0.00996488,0.01154431,0.01110000,0.74300034,0.22393254,0.78120465
104.58299994,0.01220683,0.00946009,0.01100000,0.76118333,0.23367387,0.78399246
104.68299985,0.00846125,0.00948985,0.00700000,0.71466127,0.23318930,0.78597870
104.78299999,0.00725263,0.01011431,0.01100000,0.72469014,0.23303308,0.78800264
104.88299990,0.00753930,0.00692091,0.01400000,0.74584154,0.23118429,0.82199910
104.98299980,0.01371963,0.00422157,0.02400000,0.80507381,0.23048966,0.82472778
105.08299994,0.01074038,0.00851435,0.02100000,0.82036108,0.22813363,0.80891965
105.18299985,0.00824464,0.01228153,0.01300000,0.77032089,0.22640887,0.79676669
105.28299999,0.00919269,0.01070628,0.01310000,0.81382128,0.22696966,0.80427814
105.38399982,0.00632515,0.01299394,0.00700000,0.73458221,0.22696412,0.74544141
105.48399997,0.00728972,0.01131725,0.00500000,0.76970141,0.23669353,0.77101411
105.58399987,0.00756522,0.00549067,0.01600000,0.79259640,0.23265424,0.77218738
105.68400002,0.00162684,0.00732416,0.01200000,0.77723663,0.23177738,0.74614981
105.78399992,0.00027484,0.01025546,0.00700000,0.80665423,0.23967806,0.69987614
105.88399982,0.00201761,0.01213504,0.00400000,0.79417997,0.23745117,0.68907733
105.98399997,0.00239667,0.01097752,0.00300000,0.79726149,0.23421793,0.68122303
106.08399987,0.00125671,0.00645761,0.00100000,0.78461272,0.23363052,0.66737619
106.18400002,0.00479399,0.00648056,0.00500000,0.76680894,0.23244869,0.66094476
106.28399992,0.00999152,0.00351135,0.01100000,0.83254850,0.22367961,0.70342007
106.38399982,0.01167151,0.00173664,0.00800000,0.84799698,0.22344758,0.65290211
106.48399997,0.01058388,0.00157211,0.00500000,0.87682078,0.22891276,0.66950033
106.58399987,0.00914416,0.00378211,0.00500000,0.90019357,0.23681419,0.66999985
106.68499994,0.00766932,0.00760471,0.00200000,0.85197005,0.24721074,0.63901917
106.78499985,0.00908100,0.00558708,0.00100000,0.91327166,0.24481200,0.63856065
106.88499999,0.01023226,0.00394346,0.00200000,0.89681428,0.23481189,0.64001807
106.98499990,0.00892633,0.00183864,0.00710000,0.91027900,0.23085741,0.62687068
107.08499980,0.00993308,0.00119330,0.00400000,0.92738400,0.22500890,0.60081184
107.18499994,0.00808542,0.00203864,0.00600000,0.89200098,0.22278387,0.60375809
107.28499985,0.00548478,0.00316500,0.00600000,0.83667014,0.21333712,0.60700152
107.38499999,0.00623401,0.00419728,0.00400000,0.80628813,0.21092977,0.61817378
107.48499990,0.00983997,0.00212015,0.00710000,0.82974174,0.20875800,0.63337863
107.58499980,0.00820868,0.00266789,0.00500000,0.81967268,0.21307716,0.64765143
107.68499994,0.00530521,0.00220562,0.00600000,0.76348997,0.20912030,0.64458422
107.78499985,0.00710925,0.00273105,0.00900000,0.73898157,0.21445680,0.67456990
107.88499999,0.00683921,0.00550320,0.00800000,0.72205996,0.21560625,0.66340397
107.98599982,0.00250819,0.00628641,0.00100000,0.70903455,0.21275876,0.65977520
108.08599997,0.00123102,0.00911946,0.00200000,0.73889292,0.21266016,0.69917698
108.18599987,0.00445300,0.00841313,0.00300000,0.75596206,0.21999097,0.71449633
108.28600001,0.00575086,0.00831249,0.00800000,0.75302285,0.22496063,0.72394779
108.38599992,0.00484020,0.01027728,0.01400000,0.77774345,0.22332847,0.77531132
108.48599982,0.00294888,0.01310245,0.01000000,0.78279692,0.21972963,0.74224966
108.58599997,0.00207954,0.01141602,0.00800000,0.73882393,0.20972042,0.71805698
108.68599987,0.00318539,0.01073840,0.00400000,0.71597554,0.21432304,0.72605376
108.78600001,0.00419607,0.01270720,0.00700000,0.71988228,0.21846105,0.74988710
108.88599992,0.00445787,0.01641181,0.00400000,0.70694728,0.22143248,0.73778700
108.98599982,0.00456293,0.01649787,0.01200000,0.71842777,0.22075067,0.79743706
109.08599997,0.00406373,0.01596891,0.01700000,0.72300863,0.21787980,0.83303927
109.18599987,0.00555749,0.01584217,0.01900000,0.73398437,0.21732382,0.84706569
109.28699994,0.00159223,0.01715531,0.01600000,0.74805670,0.21846979,0.87215288
109.38699985,0.00257042,0.01646824,0.01000000,0.73335202,0.22208365,0.82570565
109.48699999,0.00263800,0.01475537,0.01200000,0.73512484,0.22343382,0.82834266
109.58699989,0.00425330,0.01549998,0.01000000,0.72719406,0.21595301,0.81798082
109.68699980,0.00089716,0.01210021,0.01400000,0.70576099,0.21349131,0.84596478
109.78699994,0.00744203,0.00515908,0.01000000,0.74907201,0.20478178,0.80434645
109.88699985,0.01259073,0.00581322,0.00200000,0.76880992,0.19632490,0.78484780
109.98699999,0.01590873,0.00775064,0.00300000,0.75588877,0.20418456,0.78082377
110.08699989,0.01089029,0.01142898,0.00000000,0.73704483,0.20120509,0.79343767
110.18699980,0.00991102,0.01511594,0.00400000,0.74965195,0.20933486,0.79838156
110.28699994,0.01135934,0.01612251,0.01600000,0.79788579,0.21134505,0.83632361
110.38699985,0.00751329,0.01891244,0.02200000,0.78296372,0.21932641,0.82499708
110.48799992,0.00897559,0.02486642,0.01700000,0.79023280,0.23596922,0.82503444
110.58799982,0.00996328,0.02674216,0.01600000,0.80545962,0.23937002,0.83871544
110.68799996,0.01052436,0.02554149,0.01700000,0.83643951,0.23009066,0.83401690
110.78799987,0.00128555,0.02649655,0.01400000,0.75731568,0.22712110,0.81653146
110.88800001,0.00206088,0.02618077,0.01000000,0.78728198,0.22534838,0.78580099
110.98799992,0.00406934,0.03103885,0.00700000,0.77557935,0.23651080,0.78384665
111.08799982,0.00268359,0.03539376,0.01500000,0.75467011,0.23454319,0.82627132
111.18799996,0.00664884,0.03661752,0.02400000,0.77396453,0.23758423,0.81925676
111.28799987,0.00695672,0.03970521,0.02500000,0.74172941,0.24047822,0.81922726
111.38800001,0.00652687,0.03794918,0.01500000,0.75049854,0.22200330,0.76350156
111.48799992,0.00091244,0.03223612,0.02100000,0.68610311,0.20902526,0.81053156
111.58799982,0.00322573,0.03743067,0.01600000,0.69062221,0.21705649,0.81698989
111.68799996,0.00327505,0.04007111,0.01500000,0.68987862,0.22577396,0.77792408
111.78899980,0.00220343,0.04367659,0.01500000,0.72883597,0.24068818,0.80128273
111.88899994,0.00173641,0.04678028,0.01500000,0.71715196,0.23445820,0.79502561
111.98899984,0.00423889,0.04082930,0.01700000,0.72954341,0.21824210,0.83540544
112.08899999,0.00120060,0.04351963,0.01200000,0.72295263,0.22087516,0.79096971
112.18899989,0.00227228,0.04536405,0.01100000,0.73107689,0.22055263,0.79324282
112.28899980,0.00335088,0.04591886,0.01900000,0.70588364,0.21841637,0.83890857
112.38899994,0.00136920,0.04227440,0.01400000,0.68662931,0.21683073,0.77447699
112.48899984,0.00438337,0.03910021,0.01000000,0.68034268,0.21554789,0.76097889
112.58899999,0.00383587,0.03871351,0.01200000,0.71499125,0.21207365,0.76855297
112.68899989,0.00138465,0.03794447,0.00600000,0.69930981,0.21452398,0.76661568
112.78899980,0.00380076,0.03917760,0.00600000,0.69967930,0.21230932,0.78323964
112.88899994,0.00320571,0.04210728,0.00700000,0.69189224,0.20685491,0.79591875
112.98899984,0.00575765,0.04576046,0.01700000,0.70981278,0.22006304,0.79108111
113.08999991,0.00401051,0.04775988,0.01900000,0.67073683,0.22505108,0.84450878
113.18999982,0.00501964,0.04932437,0.02000000,0.74609619,0.22981309,0.81798519
113.28999996,0.00258049,0.05163972,0.01600000,0.66904068,0.23007065,0.75493606
113.38999987,0.00240932,0.05480999,0.01200000,0.64874186,0.22882088,0.73757808
113.49000001,0.00233550,0.05046856,0.01700000,0.67219961,0.23370439,0.76472333
113.58999991,0.00071751,0.05298240,0.01600000,0.66557476,0.23519318,0.76780955
113.68999982,0.00398174,0.05481930,0.00890000,0.66196474,0.22854072,0.74290704
113.78999996,0.00482340,0.05272604,0.00200000,0.67345637,0.23666274,0.75155993
113.88999987,0.00045791,0.05081388,0.00800000,0.64565238,0.24127024,0.70509047
113.99000001,0.00015779,0.04960106,0.01000000,0.63032942,0.23672699,0.70294080
114.08999991,0.00319640,0.05023747,0.01100000,0.63018311,0.22902404,0.71513955
114.18999982,0.00478854,0.05574773,0.00990000,0.68324832,0.25105205,0.73824313
114.28999996,0.00322165,0.05995057,0.01300000,0.65127492,0.26564135,0.72064130
114.39099979,0.00169997,0.05926475,0.02000000,0.67730445,0.26580728,0.74017377
114.49099994,0.00266015,0.05985494,0.02000000,0.65953461,0.26853668,0.75326480
114.59099984,0.00400878,0.05302282,0.01700000,0.65944161,0.26301950,0.70483179
114.69099998,0.00156640,0.06463023,0.02000000,0.68217888,0.28438359,0.75190048
114.79099989,0.00518349,0.06002317,0.02100000,0.72222390,0.27474426,0.74747711
114.89099979,0.00447797,0.06337190,0.02590000,0.67414440,0.26495932,0.72624917
114.99099994,0.00142118,0.05305639,0.02400000,0.66534870,0.25397397,0.72375565
115.09099984,0.00183877,0.06236240,0.02290000,0.66110935,0.26738548,0.74359278
115.19099998,0.00046997,0.05684742,0.01900000,0.66822479,0.26098201,0.67762884
115.29099989,0.00069038,0.06051027,0.01600000,0.65359289,0.26913439,0.64384226
115.39099979,0.00440911,0.06372331,0.01600000,0.66993454,0.27733571,0.67291631
115.49099994,0.00705367,0.04697378,0.01800000,0.72820895,0.25367701,0.66847709
115.59099984,0.00123087,0.06616052,0.01900000,0.68011168,0.27573441,0.65791627
115.69199991,0.00335960,0.05148712,0.01900000,0.68315137,0.25997606,0.65834095
115.79199982,0.00680025,0.04903567,0.02200000,0.73029997,0.24045605,0.68197728
115.89199996,0.00454825,0.04563676,0.02400000,0.68050504,0.23855193,0.69652173
115.99199986,0.00559992,0.04547495,0.01610000,0.75260301,0.24405824,0.61514538
116.09200001,0.00722704,0.04502544,0.01710000,0.78188436,0.24215655,0.63564046
116.19199991,0.00462136,0.04258783,0.03200000,0.74714888,0.24729610,0.69445584
116.29199982,0.00420480,0.03769588,0.02900000,0.71561083,0.24458481,0.69899154
116.39199996,0.00363652,0.03576067,0.03000000,0.71598722,0.24892948,0.72715789
116.49199986,0.00831076,0.03656476,0.02200000,0.76396438,0.25537370,0.72572193
116.59200001,0.00807111,0.03558900,0.01600000,0.77074851,0.24580406,0.66058646
116.69199991,0.00859649,0.03631722,0.00700000,0.80067010,0.25062271,0.63998021
116.79199982,0.00997568,0.03529442,0.00700000,0.79857493,0.25291282,0.65610467
116.89199996,0.01250492,0.03378693,0.00600000,0.79544478,0.24675605,0.63210523
116.99299979,0.00405238,0.03260580,0.01100000,0.73853328,0.24259990,0.66880197
117.09299994,0.00045506,0.03144651,0.01700000,0.74368972,0.23744361,0.67347103
117.19299984,0.00934343,0.02799143,0.01800000,0.79692596,0.24025947,0.70479156
117.29299998,0.01426852,0.02761701,0.01790000,0.79209246,0.23806146,0.67136295
117.39299989,0.00993098,0.03082816,0.02400000,0.78487558,0.23914698,0.74580738
117.49299979,0.00052667,0.02887356,0.02500000,0.71107478,0.24362887,0.76551276
117.59299994,0.00208007,0.02457790,0.02200000,0.72663512,0.24498953,0.75914247
117.69299984,0.00070819,0.02287353,0.01500000,0.71569763,0.24237197,0.69243456
117.79299998,0.00041984,0.02659744,0.01500000,0.71295388,0.25431644,0.68398459
117.89299989,0.00045266,0.02504167,0.01600000,0.72992167,0.24932872,0.66585829
117.99299979,0.00547973,0.02342782,0.01700000,0.73492618,0.25574842,0.67627691
118.09299994,0.00756179,0.02177405,0.01700000,0.77911739,0.24890702,0.68563327
118.19400001,0.01433692,0.02158478,0.01500000,0.79454122,0.25270045,0.68003157
118.29399991,0.01438423,0.01923523,0.01500000,0.79706920,0.25108045,0.65471811
118.39399981,0.00928258,0.01712757,0.02100000,0.81513519,0.25177209,0.64248564
118.49399996,0.00280936,0.01585426,0.02400000,0.76201808,0.24680361,0.66855616
118.59399986,0.00071939,0.02008911,0.02310000,0.76915373,0.24271659,0.67219784
118.69400001,0.00279950,0.02318367,0.02310000,0.75315429,0.24685403,0.70853579
118.79399991,0.00457723,0.02258736,0.01910000,0.73161597,0.25251339,0.68080858
118.89399981,0.00434321,0.01961776,0.01500000,0.69872558,0.25119135,0.70277855
118.99399996,0.00267456,0.01437173,0.02300000,0.72361259,0.24641528,0.75636609
119.09399986,0.00232054,0.01442550,0.02100000,0.73039553,0.24857291,0.70987452
119.19400001,0.00496434,0.01471616,0.01600000,0.72338811,0.25103967,0.70136612
119.29399991,0.00359998,0.01469422,0.01500000,0.70641762,0.24093418,0.67548647
119.39399981,0.00132730,0.01357528,0.01600000,0.72165381,0.23886550,0.67479359
119.49499989,0.00225741,0.01172494,0.01800000,0.74643530,0.23649456,0.66628026
119.59499979,0.00350988,0.01197417,0.01500000,0.73144670,0.23137255,0.66631690
119.69499993,0.00895041,0.01008069,0.01500000,0.77529744,0.23911784,0.67456404
119.79499984,0.00622589,0.00569547,0.01100000,0.77442685,0.23026478,0.65185900
119.89499998,0.00556440,0.00384284,0.01100000,0.79876414,0.23180246,0.63231832
119.99499989,0.00161808,0.00508250,0.01200000,0.77574186,0.23405616,0.65674619
120.09499979,0.00129515,0.00545184,0.01200000,0.78361672,0.23284007,0.65479543
120.19499993,0.00201519,0.00214220,0.01800000,0.78237748,0.23757099,0.68529153
120.29499984,0.00113778,0.00007382,0.01800000,0.79958122,0.23512620,0.65869910
120.39499998,0.00137330,0.00324408,0.01600000,0.80111481,0.23940542,0.68957852
120.49499989,0.00382263,0.00569539,0.01500000,0.78928586,0.24704734,0.67791562
120.59499979,0.00470256,0.00292163,0.01200000,0.83949593,0.24570087,0.66208641
120.69499993,0.00485806,0.00070657,0.01900000,0.82303942,0.23832899,0.66413784
120.79600000,0.00405856,0.00232123,0.02100000,0.77459190,0.23125119,0.67130990
120.89599991,0.00022893,0.00086463,0.01900000,0.74144156,0.23078518,0.65932160
120.99599981,0.00325518,0.00006170,0.01900000,0.76158108,0.23673559,0.64965287
121.09599996,0.00402763,0.00522190,0.02000000,0.74001860,0.24410758,0.66699864
121.19599986,0.00046721,0.01163236,0.02200000,0.75781398,0.25224437,0.64014300
121.29600000,0.00272945,0.01209339,0.02300000,0.73933533,0.25059306,0.67562844
121.39599991,0.00449385,0.00948975,0.01800000,0.71502034,0.24694243,0.65474106
121.49599981,0.00400580,0.00438675,0.01500000,0.69816651,0.24329200,0.68675959
121.59599996,0.00174790,0.00749565,0.02300000,0.71160556,0.24481302,0.73330475
121.69599986,0.00095236,0.00878482,0.02500000,0.69777450,0.24913360,0.70897338
121.79600000,0.00003868,0.00988426,0.01800000,0.72261442,0.25436733,0.62352512
121.89599991,0.00126531,0.01258964,0.01700000,0.72694231,0.25307016,0.60872619
121.99599981,0.00110976,0.01333823,0.01500000,0.75470294,0.25380058,0.59411177
122.09599996,0.00104226,0.01406427,0.01800000,0.76340158,0.25257959,0.57631971
122.19599986,0.00235174,0.01034647,0.03000000,0.72289814,0.24950777,0.65441021
122.29699993,0.00100361,0.01192865,0.03600000,0.70143840,0.25297911,0.66533063
122.39699984,0.00061913,0.01356822,0.03800000,0.71412452,0.25259482,0.67174256
122.49699998,0.00166761,0.02976103,0.02800000,0.70494711,0.27905451,0.63474008
122.59699988,0.00489784,0.02946474,0.02600000,0.70013303,0.27789308,0.65022393
122.69699979,0.00743673,0.02485347,0.01890000,0.76784896,0.27159678,0.66561342
122.79699993,0.00813207,0.02182406,0.02000000,0.74866518,0.25288508,0.64307424
122.89699984,0.00110174,0.02646575,0.02600000,0.67486389,0.27252148,0.66591474
122.99699998,0.00253203,0.02751597,0.03100000,0.63404845,0.27418067,0.69202617
123.09699988,0.00058597,0.02901080,0.03200000,0.64732610,0.27332800,0.69761007
123.19799995,0.00801278,0.02394902,0.02600000,0.69485302,0.26287638,0.68938979
123.29799986,0.00860763,0.02183366,0.01800000,0.70443520,0.24710636,0.62411781
123.39800000,0.00682309,0.02507161,0.02100000,0.70007883,0.26468650,0.66482873
123.49799991,0.00947748,0.02489473,0.02300000,0.72784573,0.24837686,0.63930747
123.59799981,0.00591177,0.02624921,0.02000000,0.70478647,0.25757195,0.64890140
123.69799995,0.00689782,0.02421632,0.01500000,0.73625101,0.24017167,0.57946035
123.79799986,0.01129186,0.02357528,0.01090000,0.76236381,0.23936918,0.55615620
123.89800000,0.01042516,0.02321306,0.00300000,0.79865429,0.24369875,0.54954923
123.99799991,0.00512341,0.02409462,0.00300000,0.76153199,0.23936578,0.55604461
124.09799981,0.00284753,0.02503481,0.00500000,0.74834676,0.23669582,0.59139887
124.19799995,0.00195693,0.02664546,0.00900000,0.74723029,0.23470399,0.57775589
124.29799986,0.00216998,0.02789608,0.00390000,0.74487347,0.23462587,0.58888359
124.39800000,0.00489374,0.03151621,0.00000000,0.75467994,0.25292390,0.59043312
124.49799991,0.00952017,0.03439544,0.00300000,0.81782533,0.25642759,0.60047301
124.59899998,0.01046581,0.03326149,0.00400000,0.80695670,0.25260493,0.59667864
124.69899988,0.00612132,0.02757570,0.00400000,0.78247143,0.23472427,0.59709796
124.79899979,0.00423726,0.03382522,0.00700000,0.74244296,0.24951118,0.62745942
124.89899993,0.00670140,0.03534036,0.00590000,0.79157701,0.25035823,0.64748084
124.99899983,0.00344932,0.04548706,0.00590000,0.74517232,0.26049712,0.65286028
125.09899998,0.00236230,0.05199451,0.00300000,0.74884041,0.26757181,0.65609982
125.19899988,0.00160468,0.04326482,0.00200000,0.74042774,0.26021452,0.66675762
125.29899979,0.00429739,0.03757782,0.00000000,0.76931177,0.25736331,0.66197211
125.39899993,0.00725838,0.03357463,0.00200000,0.83691897,0.23626814,0.66280632
